"datasourceid","outputfrequency","startofperiod","sensor_name","atmpressure24hourmean_raw","atmpressure24hourmean_value","bcallsources24hourmean_raw","bcallsources24hourmean_value","bcbiomass24hourmean_raw","bcbiomass24hourmean_value","bcfossilfuel24hourmean_raw","bcfossilfuel24hourmean_value","bcspectralb24hourmean_raw","bcspectralb24hourmean_value","bcspectralg24hourmean_raw","bcspectralg24hourmean_value","bcspectralir24hourmean_raw","bcspectralir24hourmean_value","bcspectralr24hourmean_raw","bcspectralr24hourmean_value","bcspectraluv24hourmean_raw","bcspectraluv24hourmean_value","no2conc24hourmean_raw","no2conc24hourmean_value","pm2_5concmass24hourmean_raw","pm2_5concmass24hourmean_value","pm2_5concmass24hourmeanu","pm2_5concmass24hourmeanu_1","pm2_5concnum24hourmean_raw","pm2_5concnum24hourmean_value","relhumidambient24hourmean","relhumidambient24hourmean_1","relhumidinternal24hourmean","relhumidinternal24hourmean_1","temperatureambient24hourmean","temperatureambient24hourmean_1","temperatureinternal24hourmean","temperatureinternal24hourmean_1","winddirection24hourmean_raw","winddirection24hourmean_value","windspeed24hourmean_raw","windspeed24hourmean_value","latitude","longitude","location","record_id"
"DHIBT9527","day","2025-10-10T00:00:00.000","Near West Side 7",,,,,,,,,,,,,,,,,,,"20.55","18.91","9.29","7.43","51.0","41.0","10.5","10.5",,,"54.12","54.12",,,"15.53","15.53",,,,,"41.865836099999996","-87.68536886590425","POINT (-87.68536886590425 41.865836099999996)","DHIBT9527_2025-10-10"
"DXWXZ1902","day","2026-04-03T00:00:00.000","South Deering 1",,,,,,,,,,,,,,,,,,,"4.46","9.36","11.25","6.0","55.0","33.0","9.52","9.52",,,"75.91","75.91",,,"13.2","13.2",,,,,"41.71372895","-87.56962240593828","POINT (-87.56962240593828 41.71372895)","DXWXZ1902_2026-04-03"
"DPPCP3370","day","2026-04-02T00:00:00.000","West Pullman 4",,,,,,,,,,,,,,,,,,,"14.97","11.62","31.11","12.38","92.0","57.0","23.92","23.92",,,"82.29","82.29",,,"10.48","10.48",,,,,"41.66388775","-87.6211915351054","POINT (-87.6211915351054 41.66388775)","DPPCP3370_2026-04-02"
"DMSGP0807","day","2026-07-25T00:00:00.000","Norwood Park 6",,,,,,,,,,,,,,,,,,,"14.47","15.7","15.9","11.47","64.0","55.0","24.83","24.83",,,"59.87","59.87",,,"23.99","23.99",,,,,"41.97668455","-87.83490487434239","POINT (-87.83490487434239 41.97668455)","DMSGP0807_2026-07-25"
"DFAQM2360","day","2026-06-18T00:00:00.000","Englewood 1",,,,,,,,,,,,,,,,,,,"15.93","14.32","6.4","5.42","36.0","30.0","11.4","11.4",,,"65.16","65.16",,,"21.71","21.71",,,,,"41.78968585","-87.65259587249278","POINT (-87.65259587249278 41.78968585)","DFAQM2360_2026-06-18"
"DQVFE3070","day","2025-10-15T00:00:00.000","Englewood 4",,,,,,,,,,,,,,,,,,,"15.46","10.89","7.23","5.26","40.0","29.0","8.83","8.83",,,"77.07","77.07",,,"15.74","15.74",,,,,"41.764384199999995","-87.6361524558499","POINT (-87.6361524558499 41.764384199999995)","DQVFE3070_2025-10-15"
"DFFDA0268","day","2026-09-17T00:00:00.000","Near West Side 3",,,,,,,,,,,,,,,,,,,"14.71","14.43","15.97","8.28","64.0","46.0","21.21","21.21",,,"78.88","78.88",,,"23.37","23.37",,,,,"41.8811335","-87.654831","POINT (-87.654831 41.8811335)","DFFDA0268_2026-09-17"
"DYSHC8669","day","2026-05-31T00:00:00.000","Chicago Lawn 2",,,,,,,,,,,,,,,,,,,"11.02","16.79","3.93","5.8","22.0","32.0","7.17","7.17",,,"46.79","46.79",,,"19.57","19.57",,,,,"41.7772231","-87.6867966971337","POINT (-87.6867966971337 41.7772231)","DYSHC8669_2026-05-31"
"DIXUN6634","day","2025-12-06T00:00:00.000","Ashburn 3",,,,,,,,,,,,,,,,,,,"15.55","15.72","49.94","24.61","136.0","80.0","31.08","31.08",,,"70.64","70.64",,,"-0.7","-0.7",,,,,"41.7521062","-87.70393644313098","POINT (-87.70393644313098 41.7521062)","DIXUN6634_2025-12-06"
"DWEIE9311","day","2025-09-16T00:00:00.000","Bridgeport 2",,,,,,,,,,,,,,,,,,,"9.2","11.72","20.5","11.75","72.0","56.0","24.17","24.17",,,"59.59","59.59",,,"23.54","23.54",,,,,"41.8278059","-87.65209362442712","POINT (-87.65209362442712 41.8278059)","DWEIE9311_2025-09-16"
"DWRMS8182","day","2026-06-01T00:00:00.000","South Chicago 1",,,,,,,,,,,,,,,,,,,"13.81","16.96","4.5","5.08","25.0","28.0","7.34","7.34",,,"63.04","63.04",,,"16.7","16.7",,,,,"41.7514325","-87.56903725190702","POINT (-87.56903725190702 41.7514325)","DWRMS8182_2026-06-01"
"DWFRI5691","day","2026-04-04T00:00:00.000","Humboldt Park 1",,,,,,,,,,,,,,,,,,,"19.13","12.24","22.16","8.82","75.0","49.0","19.89","19.89",,,"81.51","81.51",,,"8.46","8.46",,,,,"41.9036584","-87.73599568710452","POINT (-87.73599568710452 41.9036584)","DWFRI5691_2026-04-04"
"DYSHC8669","day","2026-01-15T00:00:00.000","Chicago Lawn 2",,,,,,,,,,,,,,,,,,,"10.56","14.66","1.54","4.47","8.0","24.0","2.23","2.23",,,"58.56","58.56",,,"-6.19","-6.19",,,,,"41.7772231","-87.6867966971337","POINT (-87.6867966971337 41.7772231)","DYSHC8669_2026-01-15"
"DWCTD3003","day","2026-01-15T00:00:00.000","East Side 4",,,,,,,,,,,,,,,,,,,"18.09","18.1","2.46","3.9","13.0","22.0","1.95","1.95",,,"59.18","59.18",,,"-5.87","-5.87",,,,,"41.68755215","-87.53597050294346","POINT (-87.53597050294346 41.68755215)","DWCTD3003_2026-01-15"
"DSZQR8376","day","2025-10-12T00:00:00.000","Hegewisch 1",,,,,,,,,,,,,,,,,,,"7.54","8.48","8.01","5.63","44.0","31.0","9.13","9.13",,,"67.48","67.48",,,"15.45","15.45",,,,,"41.675190108549614","-87.53588600367534","POINT (-87.53588600367534 41.675190108549614)","DSZQR8376_2025-10-12"
"DQJVA6225","day","2025-10-11T00:00:00.000","Jefferson Park 1",,,,,,,,,,,,,,,,,,,"13.94","11.13","6.38","5.37","35.0","29.0","8.59","8.59",,,"70.65","70.65",,,"15.26","15.26",,,,,"41.9889689","-87.76288502645104","POINT (-87.76288502645104 41.9889689)","DQJVA6225_2025-10-11"
"DIXEX6164","day","2026-06-17T00:00:00.000","Calumet Heights 1",,,,,,,,,,,,,,,,,,,"21.35","16.69","8.08","5.77","44.0","32.0","10.85","10.85",,,"68.16","68.16",,,"18.05","18.05",,,,,"41.72612465","-87.58623674140375","POINT (-87.58623674140375 41.72612465)","DIXEX6164_2026-06-17"
"DYHTK6723","day","2025-11-19T00:00:00.000","Chatham 1",,,,,,,,,,,,,,,,,,,"13.88","10.39","29.62","15.23","89.0","62.0","22.88","22.88",,,"79.44","79.44",,,"6.91","6.91",,,,,"41.739161550000006","-87.62026829999999","POINT (-87.62026829999999 41.739161550000006)","DYHTK6723_2025-11-19"
"DWBTT8209","day","2026-04-05T00:00:00.000","Edison Park 1",,,,,,,,,,,,,,,,,,,"5.15","7.92","0.84","4.26","4.0","23.0","2.93","2.93",,,"54.87","54.87",,,"7.19","7.19",,,,,"42.017003","-87.816509","POINT (-87.816509 42.017003)","DWBTT8209_2026-04-05"
"DIXUN6634","day","2026-01-15T00:00:00.000","Ashburn 3",,,,,,,,,,,,,,,,,,,"10.11","11.01","2.18","5.54","12.0","31.0","2.52","2.52",,,"57.82","57.82",,,"-6.08","-6.08",,,,,"41.7521062","-87.70393644313098","POINT (-87.70393644313098 41.7521062)","DIXUN6634_2026-01-15"
"DMARJ5120","day","2026-09-05T00:00:00.000","Hyde Park 1",,,,,,,,,,,,,,,,,,,"17.39","13.81","14.69","8.91","61.0","49.0","21.05","21.05",,,"70.51","70.51",,,"28.38","28.38",,,,,"41.79964665","-87.60179992085315","POINT (-87.60179992085315 41.79964665)","DMARJ5120_2026-09-05"
"DKRXT7147","day","2026-07-25T00:00:00.000","Roseland 4",,,,,,,,,,,,,,,,,,,"14.12","12.53","16.94","11.5","66.0","55.0","24.8","24.8",,,"60.74","60.74",,,"23.49","23.49",,,,,"41.68874295","-87.62059497344643","POINT (-87.62059497344643 41.68874295)","DKRXT7147_2026-07-25"
"DRRDD3500","day","2026-05-29T00:00:00.000","Hegewisch 6",,,,,,,,,,,,,,,,,,,"14.01","11.24","7.57","6.35","42.0","35.0","10.37","10.37",,,"58.65","58.65",,,"20.42","20.42",,,,,"41.66298535","-87.55350110056347","POINT (-87.55350110056347 41.66298535)","DRRDD3500_2026-05-29"
"DMVDY6300","day","2026-06-19T00:00:00.000","McKinley Park 1",,,,,,,,,,,,,,,,,,,"16.85","18.23","4.13","5.63","23.0","31.0","8.32","8.32",,,"52.23","52.23",,,"22.51","22.51",,,,,"41.82770135","-87.68592075050194","POINT (-87.68592075050194 41.82770135)","DMVDY6300_2026-06-19"
"DRJPX9457","day","2025-12-15T00:00:00.000","South Deering 5",,,,,,,,,,,,,,,,,,,"11.46","18.25","24.66","12.03","80.0","56.0","13.18","13.18",,,"63.65","63.65",,,"-11.63","-11.63",,,,,"41.6767009","-87.55354965901725","POINT (-87.55354965901725 41.6767009)","DRJPX9457_2025-12-15"
"DAEXF8484","day","2025-12-08T00:00:00.000","Mount Greenwood 1",,,,,,,,,,,,,,,,,,,"12.41","18.31","9.18","7.71","51.0","43.0","7.88","7.88",,,"65.3","65.3",,,"-4.69","-4.69",,,,,"41.70576455","-87.710860211544","POINT (-87.710860211544 41.70576455)","DAEXF8484_2025-12-08"
"DYWHJ8696","day","2026-06-18T00:00:00.000","Chicago Lawn 1",,,,,,,,,,,,,,,,,,,"13.51","12.85","6.38","5.48","35.0","30.0","11.31","11.31",,,"63.11","63.11",,,"22.16","22.16",,,,,"41.7773501","-87.7035278237011","POINT (-87.7035278237011 41.7773501)","DYWHJ8696_2026-06-18"
"DPMHQ8304","day","2026-03-28T00:00:00.000","Uptown 1",,,,,,,,,,,,,,,,,,,"8.15","12.67","6.63","7.61","37.0","42.0","6.72","6.72",,,"49.46","49.46",,,"3.82","3.82",,,,,"41.975853900000004","-87.67189334394641","POINT (-87.67189334394641 41.975853900000004)","DPMHQ8304_2026-03-28"
"DMKJB8675","day","2026-01-14T00:00:00.000","Avalon Park 3",,,,,,,,,,,,,,,,,,,"12.36","11.03","6.55","5.19","36.0","28.0","4.8","4.8",,,"66.87","66.87",,,"1.75","1.75",,,,,"41.73896995","-87.58611561643349","POINT (-87.58611561643349 41.73896995)","DMKJB8675_2026-01-14"
"DJCYU2364","day","2025-09-22T00:00:00.000","Douglas 2",,,,,,,,,,,,,,,,,,,"19.3","14.19","9.69","7.3","52.0","41.0","15.3","15.3",,,"65.53","65.53",,,"24.04","24.04",,,,,"41.82725075","-87.61890358618274","POINT (-87.61890358618274 41.82725075)","DJCYU2364_2025-09-22"
"DZCNZ4799","day","2026-01-16T00:00:00.000","North Center 1",,,,,,,,,,,,,,,,,,,"19.36","20.94","17.11","8.26","66.0","46.0","13.49","13.49",,,"70.48","70.48",,,"-1.27","-1.27",,,,,"41.9487138","-87.69033089999999","POINT (-87.69033089999999 41.9487138)","DZCNZ4799_2026-01-16"
"DLNMW9381","day","2026-05-28T00:00:00.000","Washington Heights 5",,,,,,,,,,,,,,,,,,,"6.12","14.87","6.53","6.4","36.0","36.0","9.96","9.96",,,"51.45","51.45",,,"20.01","20.01",,,,,"41.7138256","-87.65385383114133","POINT (-87.65385383114133 41.7138256)","DLNMW9381_2026-05-28"
"DXUQX7513","day","2026-09-05T00:00:00.000","Ashburn 8",,,,,,,,,,,,,,,,,,,"14.34","13.11","15.82","11.18","63.0","55.0","25.34","25.34",,,"63.26","63.26",,,"29.83","29.83",,,,,"41.73966255","-87.73740646471919","POINT (-87.73740646471919 41.73966255)","DXUQX7513_2026-09-05"
"DBDBP2246","day","2026-06-17T00:00:00.000","Greater Grand Crossing 4",,,,,,,,,,,,,,,,,,,"21.62","14.79","6.7","5.4","37.0","30.0","8.89","8.89",,,"64.7","64.7",,,"18.53","18.53",,,,,"41.751726399999995","-87.60303067276175","POINT (-87.60303067276175 41.751726399999995)","DBDBP2246_2026-06-17"
"DYWHJ8696","day","2026-04-01T00:00:00.000","Chicago Lawn 1",,,,,,,,,,,,,,,,,,,"16.44","10.15","9.35","5.29","51.0","29.0","8.15","8.15",,,"73.53","73.53",,,"5.16","5.16",,,,,"41.7773501","-87.7035278237011","POINT (-87.7035278237011 41.7773501)","DYWHJ8696_2026-04-01"
"DWZRL1539","day","2025-11-16T00:00:00.000","Hermosa 2",,,,,,,,,,,,,,,,,,,"5.73","9.67","0.7","4.56","4.0","25.0","2.13","2.13",,,"36.91","36.91",,,"9.84","9.84",,,,,"41.916261","-87.73604474675119","POINT (-87.73604474675119 41.916261)","DWZRL1539_2025-11-16"
"DBIRF2035","day","2026-04-03T00:00:00.000","Gage Park 4",,,,,,,,,,,,,,,,,,,"14.38","10.07","12.14","8.02","57.0","44.0","13.6","13.6",,,"72.33","72.33",,,"14.08","14.08",,,,,"41.79007765","-87.70310395085426","POINT (-87.70310395085426 41.79007765)","DBIRF2035_2026-04-03"
"DPBXQ5234","day","2025-11-15T00:00:00.000","North Park 2",,,,,,,,,,,,,,,,,,,"15.03","14.2","20.94","12.27","73.0","57.0","27.03","27.03",,,"66.53","66.53",,,"18.08","18.08",,,,,"41.9761239","-87.70826650469988","POINT (-87.70826650469988 41.9761239)","DPBXQ5234_2025-11-15"
"DTCRA7818","day","2025-10-10T00:00:00.000","West Lawn 1",,,,,,,,,,,,,,,,,,,"11.02","13.59","7.02","7.05","39.0","39.0","9.82","9.82",,,"57.8","57.8",,,"14.9","14.9",,,,,"41.7772479","-87.73660460279069","POINT (-87.73660460279069 41.7772479)","DTCRA7818_2025-10-10"
"DMYYS7663","day","2025-09-21T00:00:00.000","Englewood 6",,,,,,,,,,,,,,,,,,,"23.69","16.12",,,,,,,,,"73.59","73.59",,,"23.23","23.23",,,,,"41.777062099999995","-87.652929447617","POINT (-87.652929447617 41.777062099999995)","DMYYS7663_2025-09-21"
"DCRJT8545","day","2025-09-11T00:00:00.000","Greater Grand Crossing 6",,,,,,,,,,,,,,,,,,,"23.01","20.22","17.11","10.73","66.0","54.0","23.54","23.54",,,"60.97","60.97",,,"23.33","23.33",,,,,"41.75146495","-87.63629560000001","POINT (-87.63629560000001 41.75146495)","DCRJT8545_2025-09-11"
"DFCTF9310","day","2026-04-03T00:00:00.000","Washington Heights 4",,,,,,,,,,,,,,,,,,,"12.19","10.16","9.16","5.43","51.0","30.0","9.83","9.83",,,"76.23","76.23",,,"13.36","13.36",,,,,"41.701536071848494","-87.65364411744643","POINT (-87.65364411744643 41.701536071848494)","DFCTF9310_2026-04-03"
"DUDWN9545","day","2025-09-16T00:00:00.000","Ashburn 2",,,,,,,,,,,,,,,,,,,"15.36","17.2","19.23","12.59","70.0","57.0","26.92","26.92",,,"59.0","59.0",,,"23.5","23.5",,,,,"41.75226525","-87.72071577078817","POINT (-87.72071577078817 41.75226525)","DUDWN9545_2025-09-16"
"DXWXZ1902","day","2026-03-30T00:00:00.000","South Deering 1",,,,,,,,,,,,,,,,,,,"11.62","19.51","15.02","10.75","62.0","54.0","15.89","15.89",,,"48.32","48.32",,,"17.66","17.66",,,,,"41.71372895","-87.56962240593828","POINT (-87.56962240593828 41.71372895)","DXWXZ1902_2026-03-30"
"DYSHC8669","day","2026-08-30T00:00:00.000","Chicago Lawn 2",,,,,,,,,,,,,,,,,,,"9.84","14.67","18.83","11.49","69.0","55.0","26.07","26.07",,,"65.98","65.98",,,"24.85","24.85",,,,,"41.7772231","-87.6867966971337","POINT (-87.6867966971337 41.7772231)","DYSHC8669_2026-08-30"
"DUBCZ6179","day","2025-11-17T00:00:00.000","Humboldt Park 5",,,,,,,,,,,,,,,,,,,"15.41","15.43","7.69","7.33","42.0","41.0","6.75","6.75",,,"40.67","40.67",,,"5.48","5.48",,,,,"41.8910837","-87.73674123708031","POINT (-87.73674123708031 41.8910837)","DUBCZ6179_2025-11-17"
"DVCMB9343","day","2025-10-10T00:00:00.000","Belmont Cragin 2",,,,,,,,,,,,,,,,,,,"24.58","15.87","7.25","7.3","40.0","41.0","11.31","11.31",,,"56.61","56.61",,,"14.94","14.94",,,,,"41.9356698","-87.7630005644958","POINT (-87.7630005644958 41.9356698)","DVCMB9343_2025-10-10"
"DIUDG6358","day","2025-10-15T00:00:00.000","North Lawndale 5",,,,,,,,,,,,,,,,,,,"11.77","13.18","9.79","5.42","52.0","30.0","10.33","10.33",,,"75.19","75.19",,,"15.71","15.71",,,,,"41.8528468","-87.7363577","POINT (-87.7363577 41.8528468)","DIUDG6358_2025-10-15"
"DRUBP9408","day","2026-05-31T00:00:00.000","South Deering 2",,,,,,,,,,,,,,,,,,,"8.1","12.36","5.3","5.15","29.0","28.0","2.66","2.66",,,"50.69","50.69",,,"18.35","18.35",,,,,"41.71346153849869","-87.55271837532699","POINT (-87.55271837532699 41.71346153849869)","DRUBP9408_2026-05-31"
"DYWWS0378","day","2025-10-12T00:00:00.000","Uptown 4",,,,,,,,,,,,,,,,,,,"16.91","13.52","0.86","4.13","4.0","23.0","1.59","1.59",,,"60.76","60.76",,,"16.85","16.85",,,,,"41.96225355","-87.67205436320755","POINT (-87.67205436320755 41.96225355)","DYWWS0378_2025-10-12"
"DZTFU6199","day","2026-06-19T00:00:00.000","Ashburn 7",,,,,,,,,,,,,,,,,,,"9.89","12.9","3.72","4.67","21.0","26.0","6.55","6.55",,,"52.85","52.85",,,"22.34","22.34",,,,,"41.73968055","-87.72068312694724","POINT (-87.72068312694724 41.73968055)","DZTFU6199_2026-06-19"
"DAUPG9028","day","2025-09-18T00:00:00.000","Portage Park 2",,,,,,,,,,,,,,,,,,,"14.5","15.93","26.17","16.2","83.0","64.0","36.27","36.27",,,"59.79","59.79",,,"24.29","24.29",,,,,"41.9627009","-87.76268011146504","POINT (-87.76268011146504 41.9627009)","DAUPG9028_2025-09-18"
"DMARJ5120","day","2026-08-26T00:00:00.000","Hyde Park 1",,,,,,,,,,,,,,,,,,,"13.71","14.96","15.44","10.33","63.0","53.0","19.72","19.72",,,"55.39","55.39",,,"26.42","26.42",,,,,"41.79964665","-87.60179992085315","POINT (-87.60179992085315 41.79964665)","DMARJ5120_2026-08-26"
"DRILK5150","day","2026-08-02T00:00:00.000","East Garfield Park 1",,,,,,,,,,,,,,,,,,,"9.15","10.23","24.5","10.95","80.0","54.0","28.95","28.95",,,"79.09","79.09",,,"22.68","22.68",,,,,"41.87824475","-87.71895694228435","POINT (-87.71895694228435 41.87824475)","DRILK5150_2026-08-02"
"DVCMB9343","day","2026-08-02T00:00:00.000","Belmont Cragin 2",,,,,,,,,,,,,,,,,,,"11.6","10.6","23.91","12.18","79.0","57.0","30.56","30.56",,,"76.0","76.0",,,"23.05","23.05",,,,,"41.9356698","-87.7630005644958","POINT (-87.7630005644958 41.9356698)","DVCMB9343_2026-08-02"
"DFVRF7063","day","2026-08-27T00:00:00.000","Austin 2",,,,,,,,,,,,,,,,,,,"13.48","14.16","14.11","9.55","60.0","52.0","18.32","18.32",,,"56.19","56.19",,,"25.79","25.79",,,,,"41.90386395","-87.75296686301743","POINT (-87.75296686301743 41.90386395)","DFVRF7063_2026-08-27"
"DHQVH8975","day","2025-11-18T00:00:00.000","Near West Side 6",,,,,,,,,,,,,,,,,,,"23.99","22.0","21.62","9.81","74.0","52.0","16.14","16.14",,,"72.54","72.54",,,"6.28","6.28",,,,,"41.865828699999994","-87.6686530821062","POINT (-87.6686530821062 41.865828699999994)","DHQVH8975_2025-11-18"
"DQVGW1846","day","2025-09-15T00:00:00.000","South Lawndale 3",,,,,,,,,,,,,,,,,,,"11.94","17.02","24.4","14.29","80.0","61.0","29.89","29.89",,,"57.47","57.47",,,"24.57","24.57",,,,,"41.8403843","-87.71981834946608","POINT (-87.71981834946608 41.8403843)","DQVGW1846_2025-09-15"
"DMVDY6300","day","2026-08-26T00:00:00.000","McKinley Park 1",,,,,,,,,,,,,,,,,,,"11.39","16.31","15.41","11.52","63.0","55.0","20.88","20.88",,,"54.59","54.59",,,"26.73","26.73",,,,,"41.82770135","-87.68592075050194","POINT (-87.68592075050194 41.82770135)","DMVDY6300_2026-08-26"
"DFMDU1576","day","2026-04-03T00:00:00.000","Greater Grand Crossing 1",,,,,,,,,,,,,,,,,,,"13.25","12.46","10.55","6.81","54.0","38.0","10.73","10.73",,,"73.03","73.03",,,"13.77","13.77",,,,,"41.7770346","-87.61823783345807","POINT (-87.61823783345807 41.7770346)","DFMDU1576_2026-04-03"
"DFDFU1164","day","2026-01-15T00:00:00.000","Lower West Side 1",,,,,,,,,,,,,,,,,,,"16.59","17.21","4.48","4.89","24.0","27.0","3.33","3.33",,,"58.51","58.51",,,"-5.78","-5.78",,,,,"41.852656499999995","-87.68640576809067","POINT (-87.68640576809067 41.852656499999995)","DFDFU1164_2026-01-15"
"DVCMB9343","day","2026-05-29T00:00:00.000","Belmont Cragin 2",,,,,,,,,,,,,,,,,,,"11.38","13.11","4.54","6.23","25.0","34.0","9.09","9.09",,,"50.39","50.39",,,"20.86","20.86",,,,,"41.9356698","-87.7630005644958","POINT (-87.7630005644958 41.9356698)","DVCMB9343_2026-05-29"
"DYWWS0378","day","2025-09-19T00:00:00.000","Uptown 4",,,,,,,,,,,,,,,,,,,"9.0","12.64",,,,,,,,,"64.34","64.34",,,"24.56","24.56",,,,,"41.96225355","-87.67205436320755","POINT (-87.67205436320755 41.96225355)","DYWWS0378_2025-09-19"
"DWZRL1539","day","2026-08-27T00:00:00.000","Hermosa 2",,,,,,,,,,,,,,,,,,,"13.7","14.65","9.15","7.71","51.0","43.0","13.06","13.06",,,"58.09","58.09",,,"25.42","25.42",,,,,"41.916261","-87.73604474675119","POINT (-87.73604474675119 41.916261)","DWZRL1539_2026-08-27"
"DMLRY2750","day","2026-04-06T00:00:00.000","North Park 1",,,,,,,,,,,,,,,,,,,"13.27","13.76","7.6","5.53","42.0","31.0","6.9","6.9",,,"60.79","60.79",,,"8.45","8.45",,,,,"41.98888865000001","-87.72522068117541","POINT (-87.72522068117541 41.98888865000001)","DMLRY2750_2026-04-06"
"DVCMB9343","day","2026-09-17T00:00:00.000","Belmont Cragin 2",,,,,,,,,,,,,,,,,,,"23.28","15.88","15.2","9.05","62.0","50.0","21.25","21.25",,,"81.01","81.01",,,"22.67","22.67",,,,,"41.9356698","-87.7630005644958","POINT (-87.7630005644958 41.9356698)","DVCMB9343_2026-09-17"
"DZKWB0839","day","2026-06-18T00:00:00.000","East Side 2",,,,,,,,,,,,,,,,,,,"9.33","16.25","8.5","5.78","47.0","32.0","12.31","12.31",,,"69.31","69.31",,,"20.59","20.59",,,,,"41.713258249999996","-87.53592341666666","POINT (-87.53592341666666 41.713258249999996)","DZKWB0839_2026-06-18"
"DEJMD2536","day","2025-09-11T00:00:00.000","O'Hare 1",,,,,,,,,,,,,,,,,,,"12.41","11.92","14.36","9.8","61.0","52.0","21.61","21.61",,,"64.21","64.21",,,"21.92","21.92",,,,,"41.9762844","-87.8527641","POINT (-87.8527641 41.9762844)","DEJMD2536_2025-09-11"
"DJGDZ3688","day","2025-10-08T00:00:00.000","Roseland 3",,,,,,,,,,,,,,,,,,,"15.04","14.08","7.11","5.89","39.0","32.0","8.58","8.58",,,"68.85","68.85",,,"13.69","13.69",,,,,"41.70133845","-87.61992013972267","POINT (-87.61992013972267 41.70133845)","DJGDZ3688_2025-10-08"
"DQVFE3070","day","2026-04-05T00:00:00.000","Englewood 4",,,,,,,,,,,,,,,,,,,"0.99","8.3","2.55","5.06","14.0","28.0","3.71","3.71",,,"56.12","56.12",,,"7.76","7.76",,,,,"41.764384199999995","-87.6361524558499","POINT (-87.6361524558499 41.764384199999995)","DQVFE3070_2026-04-05"
"DGHRH9009","day","2026-06-18T00:00:00.000","Gage Park 1",,,,,,,,,,,,,,,,,,,"12.33","13.81","4.16","4.23","23.0","23.0","6.61","6.61",,,"62.47","62.47",,,"21.93","21.93",,,,,"41.8029067","-87.70321051434516","POINT (-87.70321051434516 41.8029067)","DGHRH9009_2026-06-18"
"DHIBT9527","day","2026-05-31T00:00:00.000","Near West Side 7",,,,,,,,,,,,,,,,,,,"12.24","11.2","4.06","5.58","22.0","31.0","6.16","6.16",,,"48.99","48.99",,,"18.8","18.8",,,,,"41.865836099999996","-87.68536886590425","POINT (-87.68536886590425 41.865836099999996)","DHIBT9527_2026-05-31"
"DNFCT5518","day","2026-04-04T00:00:00.000","Roseland 6",,,,,,,,,,,,,,,,,,,"15.98","12.06","28.8","11.5","88.0","55.0","24.53","24.53",,,"82.9","82.9",,,"8.99","8.99",,,,,"41.70134325","-87.63695104338622","POINT (-87.63695104338622 41.70134325)","DNFCT5518_2026-04-04"
"DHIBT9527","day","2025-11-14T00:00:00.000","Near West Side 7",,,,,,,,,,,,,,,,,,,"23.91","25.52","21.03","13.34","73.0","59.0","20.41","20.41",,,"52.53","52.53",,,"12.58","12.58",,,,,"41.865836099999996","-87.68536886590425","POINT (-87.68536886590425 41.865836099999996)","DHIBT9527_2025-11-14"
"DYLLV9237","day","2025-11-16T00:00:00.000","Portage Park 5",,,,,,,,,,,,,,,,,,,"8.86","9.6","2.31","5.79","13.0","32.0","4.19","4.19",,,"37.13","37.13",,,"9.49","9.49",,,,,"41.94900945","-87.76278188336448","POINT (-87.76278188336448 41.94900945)","DYLLV9237_2025-11-16"
"DMMRS6981","day","2026-01-14T00:00:00.000","Forest Glen 1",,,,,,,,,,,,,,,,,,,"11.0","14.16","1.73","4.24","9.0","23.0","3.26","3.26",,,"66.05","66.05",,,"1.55","1.55",,,,,"42.00388875","-87.78008329520102","POINT (-87.78008329520102 42.00388875)","DMMRS6981_2026-01-14"
"DDHVZ6546","day","2025-11-19T00:00:00.000","Near West Side 5",,,,,,,,,,,,,,,,,,,"14.26","12.95","42.92","17.3","119.0","66.0","29.56","29.56",,,"78.67","78.67",,,"7.0","7.0",,,,,"41.86559955","-87.65178513039949","POINT (-87.65178513039949 41.86559955)","DDHVZ6546_2025-11-19"
"DIFPQ7419","day","2026-04-04T00:00:00.000","Avondale 2",,,,,,,,,,,,,,,,,,,"18.33","13.69","17.91","7.8","67.0","43.0","17.53","17.53",,,"81.62","81.62",,,"8.63","8.63",,,,,"41.93555175","-87.6910915509286","POINT (-87.6910915509286 41.93555175)","DIFPQ7419_2026-04-04"
"DTVYY1142","day","2026-03-29T00:00:00.000","Lower West Side 3",,,,,,,,,,,,,,,,,,,"13.22","13.77","12.9","10.36","58.0","53.0","11.32","11.32",,,"42.78","42.78",,,"10.99","10.99",,,,,"41.85322215","-87.65232092746314","POINT (-87.65232092746314 41.85322215)","DTVYY1142_2026-03-29"
"DQVFE3070","day","2025-12-08T00:00:00.000","Englewood 4",,,,,,,,,,,,,,,,,,,"14.0","17.54","7.61","7.25","42.0","40.0","5.95","5.95",,,"65.15","65.15",,,"-3.53","-3.53",,,,,"41.764384199999995","-87.6361524558499","POINT (-87.6361524558499 41.764384199999995)","DQVFE3070_2025-12-08"
"DBMHJ0743","day","2025-11-16T00:00:00.000","Archer Heights 4",,,,,,,,,,,,,,,,,,,"7.07","10.11","2.16","4.64","12.0","26.0","2.99","2.99",,,"35.76","35.76",,,"9.46","9.46",,,,,"41.802709500000006","-87.7373057324682","POINT (-87.7373057324682 41.802709500000006)","DBMHJ0743_2025-11-16"
"DWEIE9311","day","2025-11-21T00:00:00.000","Bridgeport 2",,,,,,,,,,,,,,,,,,,"15.15","13.15","45.92","18.6","127.0","69.0","28.97","28.97",,,"75.58","75.58",,,"8.84","8.84",,,,,"41.8278059","-87.65209362442712","POINT (-87.65209362442712 41.8278059)","DWEIE9311_2025-11-21"
"DARLP7776","day","2025-10-12T00:00:00.000","Armour Square 2",,,,,,,,,,,,,,,,,,,"14.47","13.09","7.21","5.74","40.0","32.0","8.22","8.22",,,"61.97","61.97",,,"16.99","16.99",,,,,"41.840014499999995","-87.63555596912866","POINT (-87.63555596912866 41.840014499999995)","DARLP7776_2025-10-12"
"DRILK5150","day","2025-10-07T00:00:00.000","East Garfield Park 1",,,,,,,,,,,,,,,,,,,"16.36","10.94","7.62","4.86","42.0","27.0","11.78","11.78",,,"80.01","80.01",,,"17.86","17.86",,,,,"41.87824475","-87.71895694228435","POINT (-87.71895694228435 41.87824475)","DRILK5150_2025-10-07"
"DKRXT7147","day","2026-01-15T00:00:00.000","Roseland 4",,,,,,,,,,,,,,,,,,,"7.24","10.14","1.23","4.49","7.0","24.0","2.92","2.92",,,"57.51","57.51",,,"-5.88","-5.88",,,,,"41.68874295","-87.62059497344643","POINT (-87.62059497344643 41.68874295)","DKRXT7147_2026-01-15"
"DUXLQ7589","day","2026-06-16T00:00:00.000","Albany Park 1",,,,,,,,,,,,,,,,,,,"11.0","14.58","0.77","4.27","4.0","23.0","3.83","3.83",,,"47.69","47.69",,,"22.51","22.51",,,,,"41.9752872","-87.72557704250946","POINT (-87.72557704250946 41.9752872)","DUXLQ7589_2026-06-16"
"DTCRA7818","day","2025-12-06T00:00:00.000","West Lawn 1",,,,,,,,,,,,,,,,,,,"5.11","19.13","45.52","24.66","126.0","80.0","28.57","28.57",,,"70.26","70.26",,,"-0.73","-0.73",,,,,"41.7772479","-87.73660460279069","POINT (-87.73660460279069 41.7772479)","DTCRA7818_2025-12-06"
"DPPCP3370","day","2025-09-21T00:00:00.000","West Pullman 4",,,,,,,,,,,,,,,,,,,"9.9","10.2","31.73","15.34","93.0","63.0","38.83","38.83",,,"73.43","73.43",,,"23.17","23.17",,,,,"41.66388775","-87.6211915351054","POINT (-87.6211915351054 41.66388775)","DPPCP3370_2025-09-21"
"DMARJ5120","day","2026-04-03T00:00:00.000","Hyde Park 1",,,,,,,,,,,,,,,,,,,"14.81","10.62","8.61","5.22","48.0","29.0","9.81","9.81",,,"75.81","75.81",,,"13.04","13.04",,,,,"41.79964665","-87.60179992085315","POINT (-87.60179992085315 41.79964665)","DMARJ5120_2026-04-03"
"DQIUL8061","day","2026-04-01T00:00:00.000","South Shore 1",,,,,,,,,,,,,,,,,,,"11.66","9.11","9.1","4.6","51.0","26.0","6.82","6.82",,,"79.72","79.72",,,"4.48","4.48",,,,,"41.7641265","-87.5857492","POINT (-87.5857492 41.7641265)","DQIUL8061_2026-04-01"
"DMLBL6950","day","2025-12-06T00:00:00.000","West Lawn 2",,,,,,,,,,,,,,,,,,,"19.73","24.05","46.47","24.34","128.0","79.0","30.88","30.88",,,"69.76","69.76",,,"-0.22","-0.22",,,,,"41.777474531589306","-87.72038498734025","POINT (-87.72038498734025 41.777474531589306)","DMLBL6950_2025-12-06"
"DMYFE2499","day","2025-10-10T00:00:00.000","North Lawndale 3",,,,,,,,,,,,,,,,,,,"18.53","14.95","8.68","6.8","48.0","38.0","10.0","10.0",,,"57.84","57.84",,,"14.83","14.83",,,,,"41.86563285","-87.70345920195152","POINT (-87.70345920195152 41.86563285)","DMYFE2499_2025-10-10"
"DUDWN9545","day","2026-09-26T00:00:00.000","Ashburn 2",,,,,,,,,,,,,,,,,,,"18.36","19.74","3.65","5.16","20.0","28.0","7.4","7.4",,,"64.04","64.04",,,"17.19","17.19",,,,,"41.75226525","-87.72071577078817","POINT (-87.72071577078817 41.75226525)","DUDWN9545_2026-09-26"
"DQJVA6225","day","2026-07-25T00:00:00.000","Jefferson Park 1",,,,,,,,,,,,,,,,,,,"14.59","12.12","15.03","10.34","62.0","53.0","21.82","21.82",,,"63.47","63.47",,,"23.49","23.49",,,,,"41.9889689","-87.76288502645104","POINT (-87.76288502645104 41.9889689)","DQJVA6225_2026-07-25"
"DUIZW8642","day","2026-06-17T00:00:00.000","Norwood Park 5",,,,,,,,,,,,,,,,,,,"28.58","20.43","5.8","4.85","32.0","27.0","8.9","8.9",,,"67.87","67.87",,,"17.97","17.97",,,,,"41.9764404","-87.81663050626611","POINT (-87.81663050626611 41.9764404)","DUIZW8642_2026-06-17"
"DIQKT3554","day","2025-10-09T00:00:00.000","Lincoln Park 1",,,,,,,,,,,,,,,,,,,"8.2","10.39","3.98","4.98","22.0","27.0","5.63","5.63",,,"53.4","53.4",,,"15.29","15.29",,,,,"41.92154965","-87.65448778150906","POINT (-87.65448778150906 41.92154965)","DIQKT3554_2025-10-09"
"DIXUN6634","day","2026-04-06T00:00:00.000","Ashburn 3",,,,,,,,,,,,,,,,,,,"11.23","13.02","9.88","7.84","52.0","43.0","10.06","10.06",,,"57.89","57.89",,,"9.29","9.29",,,,,"41.7521062","-87.70393644313098","POINT (-87.70393644313098 41.7521062)","DIXUN6634_2026-04-06"
"DZFVS4727","day","2026-06-19T00:00:00.000","Uptown 3",,,,,,,,,,,,,,,,,,,"18.79","15.24","2.46","4.93","13.0","27.0","6.68","6.68",,,"54.62","54.62",,,"21.48","21.48",,,,,"41.96208095","-87.65418214875386","POINT (-87.65418214875386 41.96208095)","DZFVS4727_2026-06-19"
"DNEXF4696","day","2026-09-17T00:00:00.000","North Lawndale 4",,,,,,,,,,,,,,,,,,,"19.49","19.0","19.05","9.74","69.0","52.0","23.66","23.66",,,"80.36","80.36",,,"23.08","23.08",,,,,"41.853402849999995","-87.71913459999999","POINT (-87.71913459999999 41.853402849999995)","DNEXF4696_2026-09-17"
"DMHRT7456","day","2026-08-27T00:00:00.000","Chicago Lawn 3",,,,,,,,,,,,,,,,,,,"12.91","15.55","14.19","10.28","60.0","53.0","19.4","19.4",,,"54.79","54.79",,,"26.52","26.52",,,,,"41.76441945","-87.68673944937888","POINT (-87.68673944937888 41.76441945)","DMHRT7456_2026-08-27"
"DNEXF4696","day","2025-11-17T00:00:00.000","North Lawndale 4",,,,,,,,,,,,,,,,,,,"22.4","26.17","6.34","7.61","35.0","42.0","6.98","6.98",,,"41.54","41.54",,,"5.86","5.86",,,,,"41.853402849999995","-87.71913459999999","POINT (-87.71913459999999 41.853402849999995)","DNEXF4696_2025-11-17"
"DQVGW1846","day","2026-01-14T00:00:00.000","South Lawndale 3",,,,,,,,,,,,,,,,,,,"12.73","11.03","4.78","4.32","26.0","24.0","4.24","4.24",,,"65.82","65.82",,,"1.77","1.77",,,,,"41.8403843","-87.71981834946608","POINT (-87.71981834946608 41.8403843)","DQVGW1846_2026-01-14"
"DQZIL1804","day","2025-09-10T00:00:00.000","Brighton Park 2",,,,,,,,,,,,,,,,,,,"24.92","20.14","15.61","12.16","63.0","57.0","24.41","24.41",,,"45.5","45.5",,,"23.02","23.02",,,,,"41.8150889","-87.68617463894653","POINT (-87.68617463894653 41.8150889)","DQZIL1804_2025-09-10"
"DXIGM4223","day","2025-11-17T00:00:00.000","Ashburn 6",,,,,,,,,,,,,,,,,,,"9.71","19.26","7.38","8.67","41.0","48.0","7.7","7.7",,,"42.57","42.57",,,"5.71","5.71",,,,,"41.73950785","-87.7038867676452","POINT (-87.7038867676452 41.73950785)","DXIGM4223_2025-11-17"
"DYWHJ8696","day","2025-11-15T00:00:00.000","Chicago Lawn 1",,,,,,,,,,,,,,,,,,,"15.16","11.89","22.88","12.46","77.0","57.0","30.5","30.5",,,"68.53","68.53",,,"17.92","17.92",,,,,"41.7773501","-87.7035278237011","POINT (-87.7035278237011 41.7773501)","DYWHJ8696_2025-11-15"
"DIXUN6634","day","2025-11-17T00:00:00.000","Ashburn 3",,,,,,,,,,,,,,,,,,,"17.99","19.97","8.41","9.42","47.0","52.0","8.74","8.74",,,"41.78","41.78",,,"5.62","5.62",,,,,"41.7521062","-87.70393644313098","POINT (-87.70393644313098 41.7521062)","DIXUN6634_2025-11-17"
"DIEET8865","day","2026-08-30T00:00:00.000","Hyde Park 4",,,,,,,,,,,,,,,,,,,"10.13","10.93",,,,,,,,,"68.23","68.23",,,"24.75","24.75",,,,,"41.7864527902171","-87.60174594829185","POINT (-87.60174594829185 41.7864527902171)","DIEET8865_2026-08-30"
"DMMAG3845","day","2026-04-02T00:00:00.000","Riverdale 3",,,,,,,,,,,,,,,,,,,"9.9","18.48","19.88","10.7","71.0","54.0","9.58","9.58",,,"83.72","83.72",,,"10.54","10.54",,,,,"41.650564200000005","-87.6038782","POINT (-87.6038782 41.650564200000005)","DMMAG3845_2026-04-02"
"DBZCJ6205","day","2025-10-08T00:00:00.000","Auburn Gresham 3",,,,,,,,,,,,,,,,,,,"16.05","15.08","6.59","6.93","36.0","38.0","10.77","10.77",,,"65.86","65.86",,,"14.65","14.65",,,,,"41.73924395","-87.63654310138114","POINT (-87.63654310138114 41.73924395)","DBZCJ6205_2025-10-08"
"DICQL6656","day","2026-04-05T00:00:00.000","Albany Park 3",,,,,,,,,,,,,,,,,,,"2.15","9.02","3.26","5.34","18.0","29.0","4.42","4.42",,,"53.78","53.78",,,"7.45","7.45",,,,,"41.96248775","-87.72638198461931","POINT (-87.72638198461931 41.96248775)","DICQL6656_2026-04-05"
"DMYYS7663","day","2026-07-25T00:00:00.000","Englewood 6",,,,,,,,,,,,,,,,,,,"22.79","13.97","14.81","10.81","62.0","54.0","22.04","22.04",,,"60.65","60.65",,,"23.79","23.79",,,,,"41.777062099999995","-87.652929447617","POINT (-87.652929447617 41.777062099999995)","DMYYS7663_2026-07-25"
"DUGYZ8163","day","2025-12-09T00:00:00.000","Ashburn 4",,,,,,,,,,,,,,,,,,,"14.36","16.24","36.53","14.12","103.0","60.0","18.43","18.43",,,"71.68","71.68",,,"-1.85","-1.85",,,,,"41.7524136","-87.68538850711178","POINT (-87.68538850711178 41.7524136)","DUGYZ8163_2025-12-09"
"DAREG6245","day","2025-09-21T00:00:00.000","Lake View 5",,,,,,,,,,,,,,,,,,,"12.69","13.9","25.51","13.42","82.0","59.0","33.2","33.2",,,"72.54","72.54",,,"23.68","23.68",,,,,"41.93525075","-87.6725314","POINT (-87.6725314 41.93525075)","DAREG6245_2025-09-21"
"DQZIL1804","day","2026-01-16T00:00:00.000","Brighton Park 2",,,,,,,,,,,,,,,,,,,"17.96","16.06","17.49","8.22","66.0","46.0","12.66","12.66",,,"71.64","71.64",,,"-1.51","-1.51",,,,,"41.8150889","-87.68617463894653","POINT (-87.68617463894653 41.8150889)","DQZIL1804_2026-01-16"
"DHBBM8531","day","2025-12-06T00:00:00.000","Garfield Ridge 1",,,,,,,,,,,,,,,,,,,"22.68","20.43","56.79","24.88","152.0","80.0","36.49","36.49",,,"69.82","69.82",,,"-0.64","-0.64",,,,,"41.7997122","-87.7531658","POINT (-87.7531658 41.7997122)","DHBBM8531_2025-12-06"
"DBFUZ7169","day","2026-09-05T00:00:00.000","South Chicago 4",,,,,,,,,,,,,,,,,,,"10.67","14.66","15.88","9.37","63.0","51.0","20.44","20.44",,,"73.33","73.33",,,"27.4","27.4",,,,,"41.73860965","-87.55239535029682","POINT (-87.55239535029682 41.73860965)","DBFUZ7169_2026-09-05"
"DIWKR9442","day","2025-11-15T00:00:00.000","West Lawn 4",,,,,,,,,,,,,,,,,,,"17.5","15.62","16.83","10.64","65.0","54.0","22.56","22.56",,,"68.23","68.23",,,"17.81","17.81",,,,,"41.7626353","-87.73788222687776","POINT (-87.73788222687776 41.7626353)","DIWKR9442_2025-11-15"
"DFMDU1576","day","2025-12-11T00:00:00.000","Greater Grand Crossing 1",,,,,,,,,,,,,,,,,,,"18.16","17.89","15.36","10.44","63.0","53.0","10.82","10.82",,,"61.45","61.45",,,"-1.56","-1.56",,,,,"41.7770346","-87.61823783345807","POINT (-87.61823783345807 41.7770346)","DFMDU1576_2025-12-11"
"DHCXV0760","day","2026-01-14T00:00:00.000","West Garfield Park 1",,,,,,,,,,,,,,,,,,,"13.66","9.65","3.59","3.92","19.0","22.0","3.53","3.53",,,"67.39","67.39",,,"1.77","1.77",,,,,"41.87835895","-87.73628820535262","POINT (-87.73628820535262 41.87835895)","DHCXV0760_2026-01-14"
"DITUM6528","day","2025-12-12T00:00:00.000","Near West Side 1",,,,,,,,,,,,,,,,,,,"17.12","19.06","49.12","23.26","134.0","77.0","28.2","28.2",,,"66.51","66.51",,,"-1.77","-1.77",,,,,"41.878339049999994","-87.68552865180365","POINT (-87.68552865180365 41.878339049999994)","DITUM6528_2025-12-12"
"DHJUH1119","day","2025-10-08T00:00:00.000","Dunning 4",,,,,,,,,,,,,,,,,,,"18.21","14.95","5.69","4.79","31.0","26.0","6.91","6.91",,,"65.93","65.93",,,"14.0","14.0",,,,,"41.949138399999995","-87.7808436229515","POINT (-87.7808436229515 41.949138399999995)","DHJUH1119_2025-10-08"
"DQJDZ1252","day","2026-09-17T00:00:00.000","West Pullman 1",,,,,,,,,,,,,,,,,,,"14.1","16.83","16.85","7.94","65.0","44.0","18.52","18.52",,,"81.67","81.67",,,"23.28","23.28",,,,,"41.67590428555132","-87.6540277876164","POINT (-87.6540277876164 41.67590428555132)","DQJDZ1252_2026-09-17"
"DDZMI3291","day","2025-10-10T00:00:00.000","Lower West Side 5",,,,,,,,,,,,,,,,,,,"13.91","12.47","10.31","7.88","53.0","43.0","11.9","11.9",,,"54.79","54.79",,,"15.47","15.47",,,,,"41.84077025","-87.6863176523946","POINT (-87.6863176523946 41.84077025)","DDZMI3291_2025-10-10"
"DZBHR9476","day","2025-10-07T00:00:00.000","Near South Side 2",,,,,,,,,,,,,,,,,,,"8.32","9.76","2.88","2.7","16.0","15.0","1.41","1.41",,,"75.29","75.29",,,"18.63","18.63",,,,,"41.853269850000004","-87.61952604024003","POINT (-87.61952604024003 41.853269850000004)","DZBHR9476_2025-10-07"
"DWFRI5691","day","2026-01-15T00:00:00.000","Humboldt Park 1",,,,,,,,,,,,,,,,,,,"15.48","11.46","2.39","4.18","13.0","23.0","2.95","2.95",,,"56.49","56.49",,,"-6.13","-6.13",,,,,"41.9036584","-87.73599568710452","POINT (-87.73599568710452 41.9036584)","DWFRI5691_2026-01-15"
"DTQTJ0507","day","2025-09-19T00:00:00.000","Douglas 1",,,,,,,,,,,,,,,,,,,"14.31","10.78","26.71","13.09","84.0","58.0","30.69","30.69",,,"70.87","70.87",,,"23.55","23.55",,,,,"41.8404121","-87.61910230081149","POINT (-87.61910230081149 41.8404121)","DTQTJ0507_2025-09-19"
"DHSIJ5379","day","2026-01-14T00:00:00.000","Washington Heights 1",,,,,,,,,,,,,,,,,,,"14.27","9.05","2.01","4.32","11.0","24.0","3.32","3.32",,,"67.31","67.31",,,"1.68","1.68",,,,,"41.72668335","-87.6533731","POINT (-87.6533731 41.72668335)","DHSIJ5379_2026-01-14"
"DZBKX0961","day","2026-04-03T00:00:00.000","Kenwood 1",,,,,,,,,,,,,,,,,,,"11.22","11.0","9.1","6.44","51.0","36.0","10.0","10.0",,,"74.93","74.93",,,"13.48","13.48",,,,,"41.8130536","-87.60098186266059","POINT (-87.60098186266059 41.8130536)","DZBKX0961_2026-04-03"
"DKISS7174","day","2026-06-19T00:00:00.000","West Elsdon 2",,,,,,,,,,,,,,,,,,,"18.22","20.34","2.7","5.13","15.0","28.0","6.82","6.82",,,"49.31","49.31",,,"22.72","22.72",,,,,"41.7898683","-87.72002286796209","POINT (-87.72002286796209 41.7898683)","DKISS7174_2026-06-19"
"DRRDD3500","day","2025-10-10T00:00:00.000","Hegewisch 6",,,,,,,,,,,,,,,,,,,"17.99","11.75","8.67","6.56","48.0","36.0","10.22","10.22",,,"60.29","60.29",,,"14.12","14.12",,,,,"41.66298535","-87.55350110056347","POINT (-87.55350110056347 41.66298535)","DRRDD3500_2025-10-10"
"DIHMX0551","day","2026-08-26T00:00:00.000","Humboldt Park 3",,,,,,,,,,,,,,,,,,,"10.77","15.6","15.03","11.1","62.0","55.0","20.82","20.82",,,"56.89","56.89",,,"25.95","25.95",,,,,"41.891075","-87.70279956945122","POINT (-87.70279956945122 41.891075)","DIHMX0551_2026-08-26"
"DFRKF1779","day","2026-05-29T00:00:00.000","Norwood Park 2",,,,,,,,,,,,,,,,,,,"11.16","15.65","4.8","6.08","27.0","33.0","8.37","8.37",,,"52.85","52.85",,,"20.4","20.4",,,,,"41.99058225","-87.79848941721507","POINT (-87.79848941721507 41.99058225)","DFRKF1779_2026-05-29"
"DGRSB4646","day","2025-11-15T00:00:00.000","Belmont Cragin 1",,,,,,,,,,,,,,,,,,,"15.12","20.1","22.76","12.97","76.0","58.0","30.24","30.24",,,"67.6","67.6",,,"17.42","17.42",,,,,"41.93583815","-87.7807855303175","POINT (-87.7807855303175 41.93583815)","DGRSB4646_2025-11-15"
"DJWGZ0445","day","2026-04-04T00:00:00.000","Grand Boulevard 1",,,,,,,,,,,,,,,,,,,"24.87","13.32","20.21","8.49","72.0","47.0","20.43","20.43",,,"84.36","84.36",,,"8.57","8.57",,,,,"41.814588650000005","-87.61885441047625","POINT (-87.61885441047625 41.814588650000005)","DJWGZ0445_2026-04-04"
"DCFVE7122","day","2026-01-13T00:00:00.000","New City 3",,,,,,,,,,,,,,,,,,,"11.12","24.67","19.77","10.89","71.0","54.0","16.18","16.18",,,"66.44","66.44",,,"5.55","5.55",,,,,"41.801765700000004","-87.63592810040294","POINT (-87.63592810040294 41.801765700000004)","DCFVE7122_2026-01-13"
"DTCRA7818","day","2025-09-15T00:00:00.000","West Lawn 1",,,,,,,,,,,,,,,,,,,"11.26","15.83","19.84","13.2","71.0","59.0","27.2","27.2",,,"59.41","59.41",,,"23.71","23.71",,,,,"41.7772479","-87.73660460279069","POINT (-87.73660460279069 41.7772479)","DTCRA7818_2025-09-15"
"DYWEY8508","day","2026-08-30T00:00:00.000","Lake View 2",,,,,,,,,,,,,,,,,,,"15.58","14.51","20.0","12.99","71.0","58.0","28.26","28.26",,,"61.63","61.63",,,"25.68","25.68",,,,,"41.9485634","-87.65401427559598","POINT (-87.65401427559598 41.9485634)","DYWEY8508_2026-08-30"
"DQUUS8611","day","2026-08-27T00:00:00.000","West Town 4",,,,,,,,,,,,,,,,,,,"15.52","13.88","14.3","10.72","61.0","54.0","20.68","20.68",,,"56.93","56.93",,,"25.58","25.58",,,,,"41.8948325","-87.67276417877609","POINT (-87.67276417877609 41.8948325)","DQUUS8611_2026-08-27"
"DLDVK7370","day","2026-05-29T00:00:00.000","South Chicago 2",,,,,,,,,,,,,,,,,,,"13.57","14.79","5.08","5.01","28.0","28.0","8.08","8.08",,,"64.38","64.38",,,"18.61","18.61",,,,,"41.75137435","-87.55253841882741","POINT (-87.55253841882741 41.75137435)","DLDVK7370_2026-05-29"
"DLDVK7370","day","2026-05-28T00:00:00.000","South Chicago 2",,,,,,,,,,,,,,,,,,,"12.28","12.51","6.45","5.34","36.0","29.0","9.69","9.69",,,"66.99","66.99",,,"16.84","16.84",,,,,"41.75137435","-87.55253841882741","POINT (-87.55253841882741 41.75137435)","DLDVK7370_2026-05-28"
"DGAID0757","day","2026-06-18T00:00:00.000","Belmont Cragin 4",,,,,,,,,,,,,,,,,,,"6.82","11.99","6.27","5.3","34.0","29.0","9.58","9.58",,,"62.12","62.12",,,"22.38","22.38",,,,,"41.91617695","-87.75264006953043","POINT (-87.75264006953043 41.91617695)","DGAID0757_2026-06-18"
"DBYCW6873","day","2026-01-16T00:00:00.000","Norwood Park 4",,,,,,,,,,,,,,,,,,,"14.68","18.1","16.95","7.86","66.0","43.0","10.55","10.55",,,"72.1","72.1",,,"-1.69","-1.69",,,,,"41.97643085","-87.79850802324188","POINT (-87.79850802324188 41.97643085)","DBYCW6873_2026-01-16"
"DUNKA8014","day","2026-09-05T00:00:00.000","North Park 3",,,,,,,,,,,,,,,,,,,"13.1","13.31","15.81","9.0","63.0","50.0","21.98","21.98",,,"71.36","71.36",,,"27.79","27.79",,,,,"41.9803401","-87.74288842798109","POINT (-87.74288842798109 41.9803401)","DUNKA8014_2026-09-05"
"DRCSL7614","day","2026-01-15T00:00:00.000","Jefferson Park 3",,,,,,,,,,,,,,,,,,,"14.29","10.24","0.47","4.43","2.0","24.0","1.32","1.32",,,"58.52","58.52",,,"-6.24","-6.24",,,,,"41.97629145","-87.78066280290317","POINT (-87.78066280290317 41.97629145)","DRCSL7614_2026-01-15"
"DAJHM7956","day","2026-07-25T00:00:00.000","South Chicago 3",,,,,,,,,,,,,,,,,,,"12.56","13.83","17.85","10.98","67.0","54.0","23.12","23.12",,,"61.54","61.54",,,"23.31","23.31",,,,,"41.73775017864213","-87.53549803584423","POINT (-87.53549803584423 41.73775017864213)","DAJHM7956_2026-07-25"
"DMSGP0807","day","2026-03-30T00:00:00.000","Norwood Park 6",,,,,,,,,,,,,,,,,,,"15.15","22.52","12.18","10.75","57.0","54.0","17.72","17.72",,,"47.67","47.67",,,"17.53","17.53",,,,,"41.97668455","-87.83490487434239","POINT (-87.83490487434239 41.97668455)","DMSGP0807_2026-03-30"
"DUDWN9545","day","2026-01-14T00:00:00.000","Ashburn 2",,,,,,,,,,,,,,,,,,,"14.61","11.75","2.73","4.68","15.0","26.0","4.23","4.23",,,"68.1","68.1",,,"1.47","1.47",,,,,"41.75226525","-87.72071577078817","POINT (-87.72071577078817 41.75226525)","DUDWN9545_2026-01-14"
"DMTRR1120","day","2026-08-30T00:00:00.000","Burnside 1",,,,,,,,,,,,,,,,,,,"20.2","14.01","19.74","12.24","71.0","57.0","27.16","27.16",,,"65.39","65.39",,,"24.88","24.88",,,,,"41.7264486","-87.60347733401628","POINT (-87.60347733401628 41.7264486)","DMTRR1120_2026-08-30"
"DDQNT6485","day","2026-08-30T00:00:00.000","Armour Square 1",,,,,,,,,,,,,,,,,,,"15.41","13.88","21.28","12.34","74.0","57.0","26.26","26.26",,,"63.75","63.75",,,"25.11","25.11",,,,,"41.85262982537949","-87.63531098320047","POINT (-87.63531098320047 41.85262982537949)","DDQNT6485_2026-08-30"
"DKTWP2892","day","2025-10-13T00:00:00.000","East Side 3",,,,,,,,,,,,,,,,,,,"14.19","14.23","14.58","8.71","61.0","48.0","16.28","16.28",,,"63.95","63.95",,,"17.64","17.64",,,,,"41.7006795","-87.53620860009178","POINT (-87.53620860009178 41.7006795)","DKTWP2892_2025-10-13"
"DYSHC8669","day","2025-09-18T00:00:00.000","Chicago Lawn 2",,,,,,,,,,,,,,,,,,,"16.33","19.64","27.4","15.41","85.0","63.0","36.1","36.1",,,"63.43","63.43",,,"23.42","23.42",,,,,"41.7772231","-87.6867966971337","POINT (-87.6867966971337 41.7772231)","DYSHC8669_2025-09-18"
"DXHYE9278","day","2025-12-12T00:00:00.000","Hegewisch 5",,,,,,,,,,,,,,,,,,,"18.83","18.02","55.91","23.76","151.0","78.0","29.54","29.54",,,"71.4","71.4",,,"-1.98","-1.98",,,,,"41.64887855","-87.56940151087389","POINT (-87.56940151087389 41.64887855)","DXHYE9278_2025-12-12"
"DCFVE7122","day","2025-12-08T00:00:00.000","New City 3",,,,,,,,,,,,,,,,,,,"17.45","29.93","11.38","8.14","55.0","45.0","8.51","8.51",,,"63.28","63.28",,,"-2.66","-2.66",,,,,"41.801765700000004","-87.63592810040294","POINT (-87.63592810040294 41.801765700000004)","DCFVE7122_2025-12-08"
"DGKDK3415","day","2026-01-15T00:00:00.000","Irving Park 4",,,,,,,,,,,,,,,,,,,"12.17","8.76","1.92","3.73","11.0","21.0","1.98","1.98",,,"58.6","58.6",,,"-6.02","-6.02",,,,,"41.941522899999995","-87.73560494297779","POINT (-87.73560494297779 41.941522899999995)","DGKDK3415_2026-01-15"
"DHUBD2135","day","2025-10-07T00:00:00.000","Norwood Park 3",,,,,,,,,,,,,,,,,,,"20.14","11.24","6.59","4.5","36.0","25.0","10.24","10.24",,,"79.0","79.0",,,"17.79","17.79",,,,,"41.98985225","-87.78029629432729","POINT (-87.78029629432729 41.98985225)","DHUBD2135_2025-10-07"
"DIQKT3554","day","2025-09-16T00:00:00.000","Lincoln Park 1",,,,,,,,,,,,,,,,,,,"14.68","14.42","18.04","10.39","68.0","53.0","21.37","21.37",,,"61.49","61.49",,,"23.71","23.71",,,,,"41.92154965","-87.65448778150906","POINT (-87.65448778150906 41.92154965)","DIQKT3554_2025-09-16"
"DWTBM7891","day","2025-10-14T00:00:00.000","Woodlawn 1",,,,,,,,,,,,,,,,,,,"12.03","12.76","28.05","16.31","86.0","64.0","43.23","43.23",,,"72.44","72.44",,,"19.04","19.04",,,,,"41.77673266666667","-87.60245566666666","POINT (-87.60245566666666 41.77673266666667)","DWTBM7891_2025-10-14"
"DKHYU9123","day","2026-08-30T00:00:00.000","Clearing 3",,,,,,,,,,,,,,,,,,,"14.94","14.96","19.41","11.13","70.0","55.0","25.73","25.73",,,"64.53","64.53",,,"25.07","25.07",,,,,"41.7775443","-87.7539507010849","POINT (-87.7539507010849 41.7775443)","DKHYU9123_2026-08-30"
"DIFIV9884","day","2026-04-04T00:00:00.000","Dunning 3",,,,,,,,,,,,,,,,,,,"18.26","12.93","19.64","10.11","71.0","53.0","17.71","17.71",,,"83.52","83.52",,,"7.94","7.94",,,,,"41.949972450000004","-87.7991952049994","POINT (-87.7991952049994 41.949972450000004)","DIFIV9884_2026-04-04"
"DNBKU3560","day","2025-10-15T00:00:00.000","West Englewood 1",,,,,,,,,,,,,,,,,,,"14.32","10.77","6.98","4.39","38.0","24.0","7.84","7.84",,,"77.59","77.59",,,"15.57","15.57",,,,,"41.78978595","-87.6695977816758","POINT (-87.6695977816758 41.78978595)","DNBKU3560_2025-10-15"
"DRQFY3540","day","2026-06-19T00:00:00.000","Lower West Side 4","992.0","992.0",,,,,,,,,,,,,,,,,"19.19","23.31","5.08","6.1","28.0","34.0","9.11","9.11","59.4","59.4","49.37","49.37","21.3","21.3","22.8","22.8","303.51","303.51","0.5","0.5","41.84002135","-87.66866860577547","POINT (-87.66866860577547 41.84002135)","DRQFY3540_2026-06-19"
"DIFIV9884","day","2025-10-15T00:00:00.000","Dunning 3",,,,,,,,,,,,,,,,,,,"17.33","11.75","3.48","4.01","19.0","22.0","5.42","5.42",,,"76.91","76.91",,,"15.11","15.11",,,,,"41.949972450000004","-87.7991952049994","POINT (-87.7991952049994 41.949972450000004)","DIFIV9884_2025-10-15"
"DKIJX6114","day","2026-05-30T00:00:00.000","Lincoln Square 1",,,,,,,,,,,,,,,,,,,"13.8","11.92","13.86","9.78","60.0","52.0","19.85","19.85",,,"53.84","53.84",,,"19.47","19.47",,,,,"41.975673400000005","-87.69009047047274","POINT (-87.69009047047274 41.975673400000005)","DKIJX6114_2026-05-30"
"DEWGT8066","day","2026-03-30T00:00:00.000","Portage Park 3",,,,,,,,,,,,,,,,,,,"14.54","21.32",,,,,,,,,"46.29","46.29",,,"18.2","18.2",,,,,"41.94911115","-87.74480067538144","POINT (-87.74480067538144 41.94911115)","DEWGT8066_2026-03-30"
"DAWUS6556","day","2025-10-10T00:00:00.000","Ashburn 5",,,,,,,,,,,,,,,,,,,"15.97","12.16","7.99","6.44","44.0","36.0","9.38","9.38",,,"57.31","57.31",,,"14.81","14.81",,,,,"41.735451850000004","-87.68498598766976","POINT (-87.68498598766976 41.735451850000004)","DAWUS6556_2025-10-10"
"DIFPQ7419","day","2026-04-02T00:00:00.000","Avondale 2",,,,,,,,,,,,,,,,,,,"19.56","16.37","25.27","10.41","81.0","53.0","22.32","22.32",,,"83.09","83.09",,,"9.66","9.66",,,,,"41.93555175","-87.6910915509286","POINT (-87.6910915509286 41.93555175)","DIFPQ7419_2026-04-02"
"DLIKU5639","day","2026-01-16T00:00:00.000","O'Hare 3",,,,,,,,,,,,,,,,,,,"17.54","14.02","19.32","8.04","70.0","44.0","12.41","12.41",,,"74.31","74.31",,,"-1.9","-1.9",,,,,"41.950080347637595","-87.85424652587339","POINT (-87.85424652587339 41.950080347637595)","DLIKU5639_2026-01-16"
"DRYBG8957","day","2025-09-16T00:00:00.000","McKinley Park 2",,,,,,,,,,,,,,,,,,,"11.85","13.7","21.63","12.83","74.0","58.0","26.48","26.48",,,"57.55","57.55",,,"23.58","23.58",,,,,"41.827580350000005","-87.66937111952846","POINT (-87.66937111952846 41.827580350000005)","DRYBG8957_2025-09-16"
"DAWUS6556","day","2026-06-01T00:00:00.000","Ashburn 5",,,,,,,,,,,,,,,,,,,"16.47","12.37","4.48","5.09","24.0","28.0","6.3","6.3",,,"52.96","52.96",,,"17.82","17.82",,,,,"41.735451850000004","-87.68498598766976","POINT (-87.68498598766976 41.735451850000004)","DAWUS6556_2026-06-01"
"DUIZW8642","day","2025-10-08T00:00:00.000","Norwood Park 5",,,,,,,,,,,,,,,,,,,"21.07","14.66","5.3","4.46","29.0","24.0","6.76","6.76",,,"67.12","67.12",,,"13.84","13.84",,,,,"41.9764404","-87.81663050626611","POINT (-87.81663050626611 41.9764404)","DUIZW8642_2025-10-08"
"DKHYU9123","day","2025-11-14T00:00:00.000","Clearing 3",,,,,,,,,,,,,,,,,,,"15.18","18.6","16.09","10.8","64.0","54.0","18.04","18.04",,,"53.73","53.73",,,"12.12","12.12",,,,,"41.7775443","-87.7539507010849","POINT (-87.7539507010849 41.7775443)","DKHYU9123_2025-11-14"
"DWCTD3003","day","2026-08-27T00:00:00.000","East Side 4",,,,,,,,,,,,,,,,,,,"17.95","15.41","19.55","10.98","70.0","54.0","23.32","23.32",,,"62.68","62.68",,,"25.19","25.19",,,,,"41.68755215","-87.53597050294346","POINT (-87.53597050294346 41.68755215)","DWCTD3003_2026-08-27"
"DMHRT7456","day","2025-10-15T00:00:00.000","Chicago Lawn 3",,,,,,,,,,,,,,,,,,,"14.54","11.01","6.38","4.8","35.0","27.0","7.83","7.83",,,"76.23","76.23",,,"15.77","15.77",,,,,"41.76441945","-87.68673944937888","POINT (-87.68673944937888 41.76441945)","DMHRT7456_2025-10-15"
"DAPBK7657","day","2026-08-02T00:00:00.000","South Lawndale 2",,,,,,,,,,,,,,,,,,,"8.75","10.53","29.58","12.92","89.0","58.0","31.15","31.15",,,"75.6","75.6",,,"23.33","23.33",,,,,"41.8402538","-87.70343516174668","POINT (-87.70343516174668 41.8402538)","DAPBK7657_2026-08-02"
"DFEAJ0038","day","2025-10-12T00:00:00.000","Hegewisch 2",,,,,,,,,,,,,,,,,,,"10.38","9.08","5.81","5.14","32.0","28.0","7.83","7.83",,,"68.56","68.56",,,"15.72","15.72",,,,,"41.6642805","-87.5373633","POINT (-87.5373633 41.6642805)","DFEAJ0038_2025-10-12"
"DSMXS8409","day","2026-08-02T00:00:00.000","Calumet Heights 2",,,,,,,,,,,,,,,,,,,"4.17","8.27","19.19","8.9","70.0","49.0","17.81","17.81",,,"79.5","79.5",,,"22.68","22.68",,,,,"41.7259095","-87.5695133989071","POINT (-87.5695133989071 41.7259095)","DSMXS8409_2026-08-02"
"DKHYU9123","day","2025-10-11T00:00:00.000","Clearing 3",,,,,,,,,,,,,,,,,,,"18.69","16.44","9.73","6.75","52.0","37.0","12.43","12.43",,,"63.67","63.67",,,"16.92","16.92",,,,,"41.7775443","-87.7539507010849","POINT (-87.7539507010849 41.7775443)","DKHYU9123_2025-10-11"
"DBYCW6873","day","2025-09-18T00:00:00.000","Norwood Park 4",,,,,,,,,,,,,,,,,,,"16.48","17.42","31.04","16.7","92.0","65.0","38.54","38.54",,,"62.29","62.29",,,"23.28","23.28",,,,,"41.97643085","-87.79850802324188","POINT (-87.79850802324188 41.97643085)","DBYCW6873_2025-09-18"
"DBTKW5792","day","2025-10-08T00:00:00.000","Austin 8",,,,,,,,,,,,,,,,,,,"13.04","14.77","7.72","5.59","43.0","31.0","8.66","8.66",,,"65.85","65.85",,,"14.27","14.27",,,,,"41.8912125","-87.76984190347045","POINT (-87.76984190347045 41.8912125)","DBTKW5792_2025-10-08"
"DBYCW6873","day","2025-12-15T00:00:00.000","Norwood Park 4",,,,,,,,,,,,,,,,,,,"15.14","14.18","13.04","8.33","58.0","46.0","7.58","7.58",,,"59.77","59.77",,,"-11.05","-11.05",,,,,"41.97643085","-87.79850802324188","POINT (-87.79850802324188 41.97643085)","DBYCW6873_2025-12-15"
"DJWGZ0445","day","2026-06-16T00:00:00.000","Grand Boulevard 1",,,,,,,,,,,,,,,,,,,"21.46","14.33","1.67","4.21","9.0","23.0","4.3","4.3",,,"46.59","46.59",,,"22.77","22.77",,,,,"41.814588650000005","-87.61885441047625","POINT (-87.61885441047625 41.814588650000005)","DJWGZ0445_2026-06-16"
"DBIZF0451","day","2025-10-10T00:00:00.000","West Pullman 2",,,,,,,,,,,,,,,,,,,"15.83","15.44","13.2","8.02","59.0","44.0","12.61","12.61",,,"62.24","62.24",,,"13.89","13.89",,,,,"41.6758357","-87.63729348709609","POINT (-87.63729348709609 41.6758357)","DBIZF0451_2025-10-10"
"DQJVA6225","day","2025-12-08T00:00:00.000","Jefferson Park 1",,,,,,,,,,,,,,,,,,,"15.67","15.95","8.44","7.29","47.0","40.0","6.98","6.98",,,"68.06","68.06",,,"-5.22","-5.22",,,,,"41.9889689","-87.76288502645104","POINT (-87.76288502645104 41.9889689)","DQJVA6225_2025-12-08"
"DIXEX6164","day","2025-10-09T00:00:00.000","Calumet Heights 1",,,,,,,,,,,,,,,,,,,"14.55","15.23","5.02","5.12","28.0","28.0","6.03","6.03",,,"56.96","56.96",,,"14.39","14.39",,,,,"41.72612465","-87.58623674140375","POINT (-87.58623674140375 41.72612465)","DIXEX6164_2025-10-09"
"DZUWB2477","day","2026-05-29T00:00:00.000","North Lawndale 1",,,,,,,,,,,,,,,,,,,"14.22","17.07","8.98","7.56","49.0","42.0","11.48","11.48",,,"50.07","50.07",,,"20.82","20.82",,,,,"41.86579905000001","-87.73621350560661","POINT (-87.73621350560661 41.86579905000001)","DZUWB2477_2026-05-29"
"DRDZF3698","day","2025-09-16T00:00:00.000","Austin 1",,,,,,,,,,,,,,,,,,,"20.98","16.15","24.74","14.17","80.0","60.0","29.39","29.39",,,"57.73","57.73",,,"24.06","24.06",,,,,"41.9157582","-87.76919201601461","POINT (-87.76919201601461 41.9157582)","DRDZF3698_2025-09-16"
"DEPLW3142","day","2026-06-17T00:00:00.000","Greater Grand Crossing 3",,,,,,,,,,,,,,,,,,,"22.2","16.04","6.15","6.0","34.0","33.0","9.57","9.57",,,"65.48","65.48",,,"18.3","18.3",,,,,"41.7640476","-87.60243825440212","POINT (-87.60243825440212 41.7640476)","DEPLW3142_2026-06-17"
"DSSQU9498","day","2026-04-04T00:00:00.000","Near North Side 4","992.0","992.0",,,,,,,,,,,,,,,,,"13.01","11.13","18.2","9.03","68.0","50.0","19.24","19.24","85.6","85.6","72.64","72.64","8.9","8.9","10.92","10.92","338.72","338.72","0.44","0.44","41.89454935","-87.63665349658982","POINT (-87.63665349658982 41.89454935)","DSSQU9498_2026-04-04"
"DWEWU1433","day","2026-01-14T00:00:00.000","Austin 9",,,,,,,,,,,,,,,,,,,"7.21","11.73","3.47","3.91","19.0","22.0","3.92","3.92",,,"67.45","67.45",,,"1.46","1.46",,,,,"41.9037571","-87.76961617758381","POINT (-87.76961617758381 41.9037571)","DWEWU1433_2026-01-14"
"DQJDZ1252","day","2026-05-28T00:00:00.000","West Pullman 1",,,,,,,,,,,,,,,,,,,"9.05","13.88","7.0","6.33","39.0","35.0","9.54","9.54",,,"53.68","53.68",,,"19.31","19.31",,,,,"41.67590428555132","-87.6540277876164","POINT (-87.6540277876164 41.67590428555132)","DQJDZ1252_2026-05-28"
"DQZEA3135","day","2025-11-16T00:00:00.000","South Deering 8",,,,,,,,,,,,,,,,,,,"6.19","10.79","3.26","5.46","18.0","30.0","5.33","5.33",,,"36.24","36.24",,,"9.58","9.58",,,,,"41.68798065","-87.58826181539257","POINT (-87.58826181539257 41.68798065)","DQZEA3135_2025-11-16"
"DMTRR1120","day","2026-05-28T00:00:00.000","Burnside 1",,,,,,,,,,,,,,,,,,,"14.34","9.31","6.12","6.82","34.0","38.0","10.83","10.83",,,"55.13","55.13",,,"18.84","18.84",,,,,"41.7264486","-87.60347733401628","POINT (-87.60347733401628 41.7264486)","DMTRR1120_2026-05-28"
"DALBP5360","day","2025-09-22T00:00:00.000","Beverly 4",,,,,,,,,,,,,,,,,,,"12.85","11.76","10.79","6.56","54.0","36.0","13.48","13.48",,,"70.44","70.44",,,"23.12","23.12",,,,,"41.70569725","-87.67464569624644","POINT (-87.67464569624644 41.70569725)","DALBP5360_2025-09-22"
"DGKDK3415","day","2025-12-15T00:00:00.000","Irving Park 4",,,,,,,,,,,,,,,,,,,"17.41","14.17","12.67","8.38","58.0","46.0","7.85","7.85",,,"59.71","59.71",,,"-10.8","-10.8",,,,,"41.941522899999995","-87.73560494297779","POINT (-87.73560494297779 41.941522899999995)","DGKDK3415_2025-12-15"
"DVCMB9343","day","2026-05-31T00:00:00.000","Belmont Cragin 2",,,,,,,,,,,,,,,,,,,"11.67","10.94","3.54","5.85","19.0","32.0","7.26","7.26",,,"45.86","45.86",,,"19.68","19.68",,,,,"41.9356698","-87.7630005644958","POINT (-87.7630005644958 41.9356698)","DVCMB9343_2026-05-31"
"DRCSL7614","day","2025-10-14T00:00:00.000","Jefferson Park 3",,,,,,,,,,,,,,,,,,,"17.36","16.47","27.39","14.66","85.0","61.0","31.67","31.67",,,"71.9","71.9",,,"18.07","18.07",,,,,"41.97629145","-87.78066280290317","POINT (-87.78066280290317 41.97629145)","DRCSL7614_2025-10-14"
"DMKJB8675","day","2025-11-18T00:00:00.000","Avalon Park 3",,,,,,,,,,,,,,,,,,,"21.55","16.48","25.95","12.03","82.0","56.0","17.51","17.51",,,"72.86","72.86",,,"5.99","5.99",,,,,"41.73896995","-87.58611561643349","POINT (-87.58611561643349 41.73896995)","DMKJB8675_2025-11-18"
"DIUZJ7853","day","2025-11-16T00:00:00.000","Garfield Ridge 2",,,,,,,,,,,,,,,,,,,"1.07","9.49","2.06","4.62","11.0","26.0","3.29","3.29",,,"36.84","36.84",,,"9.23","9.23",,,,,"41.7903843","-87.77048382045737","POINT (-87.77048382045737 41.7903843)","DIUZJ7853_2025-11-16"
"DSZQR8376","day","2026-01-16T00:00:00.000","Hegewisch 1",,,,,,,,,,,,,,,,,,,"13.23","16.62","18.76","8.18","69.0","45.0","11.57","11.57",,,"73.91","73.91",,,"-1.93","-1.93",,,,,"41.675190108549614","-87.53588600367534","POINT (-87.53588600367534 41.675190108549614)","DSZQR8376_2026-01-16"
"DLNMW9381","day","2026-06-17T00:00:00.000","Washington Heights 5",,,,,,,,,,,,,,,,,,,"10.21","16.68","6.7","5.25","37.0","29.0","9.18","9.18",,,"67.35","67.35",,,"18.07","18.07",,,,,"41.7138256","-87.65385383114133","POINT (-87.65385383114133 41.7138256)","DLNMW9381_2026-06-17"
"DFKYP0941","day","2026-01-13T00:00:00.000","Lincoln Park 2",,,,,,,,,,,,,,,,,,,"22.39","26.27","15.48","7.92","63.0","44.0","11.32","11.32",,,"68.69","68.69",,,"5.33","5.33",,,,,"41.92145185","-87.63691042803572","POINT (-87.63691042803572 41.92145185)","DFKYP0941_2026-01-13"
"DRDZF3698","day","2025-10-09T00:00:00.000","Austin 1",,,,,,,,,,,,,,,,,,,"22.98","17.65","6.31","5.76","35.0","32.0","7.56","7.56",,,"58.19","58.19",,,"14.06","14.06",,,,,"41.9157582","-87.76919201601461","POINT (-87.76919201601461 41.9157582)","DRDZF3698_2025-10-09"
"DHNQG0980","day","2025-10-08T00:00:00.000","Irving Park 1",,,,,,,,,,,,,,,,,,,"17.57","15.12","5.75","5.06","32.0","28.0","8.07","8.07",,,"65.94","65.94",,,"14.16","14.16",,,,,"41.96257933331695","-87.74452053946244","POINT (-87.74452053946244 41.96257933331695)","DHNQG0980_2025-10-08"
"DLVFF5341","day","2026-09-05T00:00:00.000","Grand Boulevard 2",,,,,,,,,,,,,,,,,,,"15.02","14.74","14.74","10.6","61.0","54.0","26.03","26.03",,,"68.73","68.73",,,"28.6","28.6",,,,,"41.80223545","-87.61894770389034","POINT (-87.61894770389034 41.80223545)","DLVFF5341_2026-09-05"
"DERZJ4600","day","2026-04-05T00:00:00.000","Rogers Park 1",,,,,,,,,,,,,,,,,,,"11.84","10.84","2.39","5.14","13.0","28.0","3.93","3.93",,,"53.88","53.88",,,"7.53","7.53",,,,,"42.0162268","-87.6715525592391","POINT (-87.6715525592391 42.0162268)","DERZJ4600_2026-04-05"
"DGGGM0466","day","2025-11-14T00:00:00.000","Bridgeport 1",,,,,,,,,,,,,,,,,,,"21.86","26.45","21.08","13.11","73.0","58.0","19.62","19.62",,,"54.06","54.06",,,"12.24","12.24",,,,,"41.840132100000005","-87.65224955235848","POINT (-87.65224955235848 41.840132100000005)","DGGGM0466_2025-11-14"
"DMARJ5120","day","2026-01-13T00:00:00.000","Hyde Park 1",,,,,,,,,,,,,,,,,,,"21.19","19.25","12.91","7.55","58.0","42.0","12.6","12.6",,,"66.64","66.64",,,"5.45","5.45",,,,,"41.79964665","-87.60179992085315","POINT (-87.60179992085315 41.79964665)","DMARJ5120_2026-01-13"
"DEPLW3142","day","2026-09-17T00:00:00.000","Greater Grand Crossing 3",,,,,,,,,,,,,,,,,,,"19.99","16.55","12.04","7.71","56.0","43.0","16.34","16.34",,,"79.08","79.08",,,"23.54","23.54",,,,,"41.7640476","-87.60243825440212","POINT (-87.60243825440212 41.7640476)","DEPLW3142_2026-09-17"
"DHQVH8975","day","2025-10-13T00:00:00.000","Near West Side 6",,,,,,,,,,,,,,,,,,,"21.13","21.51","16.13","10.04","64.0","53.0","19.32","19.32",,,"60.48","60.48",,,"18.4","18.4",,,,,"41.865828699999994","-87.6686530821062","POINT (-87.6686530821062 41.865828699999994)","DHQVH8975_2025-10-13"
"DNUKL3524","day","2026-01-16T00:00:00.000","West Town 3",,,,,,,,,,,,,,,,,,,"23.05","19.08","19.59","10.34","70.0","53.0","16.59","16.59",,,"71.49","71.49",,,"-1.61","-1.61",,,,,"41.89463405","-87.65461125155946","POINT (-87.65461125155946 41.89463405)","DNUKL3524_2026-01-16"
"DHJUH1119","day","2025-10-09T00:00:00.000","Dunning 4",,,,,,,,,,,,,,,,,,,"18.36","15.65","5.82","5.28","32.0","29.0","7.11","7.11",,,"61.29","61.29",,,"13.4","13.4",,,,,"41.949138399999995","-87.7808436229515","POINT (-87.7808436229515 41.949138399999995)","DHJUH1119_2025-10-09"
"DLNMW9381","day","2026-01-13T00:00:00.000","Washington Heights 5",,,,,,,,,,,,,,,,,,,"-8.35","12.85","16.58","8.42","65.0","47.0","12.52","12.52",,,"69.11","69.11",,,"4.97","4.97",,,,,"41.7138256","-87.65385383114133","POINT (-87.65385383114133 41.7138256)","DLNMW9381_2026-01-13"
"DUDWN9545","day","2026-01-13T00:00:00.000","Ashburn 2",,,,,,,,,,,,,,,,,,,"15.68","13.94","12.72","8.65","58.0","48.0","12.13","12.13",,,"70.33","70.33",,,"4.79","4.79",,,,,"41.75226525","-87.72071577078817","POINT (-87.72071577078817 41.75226525)","DUDWN9545_2026-01-13"
"DVCMB9343","day","2026-01-14T00:00:00.000","Belmont Cragin 2",,,,,,,,,,,,,,,,,,,"14.53","13.22","2.35","4.55","13.0","25.0","4.03","4.03",,,"65.71","65.71",,,"1.69","1.69",,,,,"41.9356698","-87.7630005644958","POINT (-87.7630005644958 41.9356698)","DVCMB9343_2026-01-14"
"DFVRF7063","day","2025-12-10T00:00:00.000","Austin 2",,,,,,,,,,,,,,,,,,,"14.29","13.5","27.54","10.0","85.0","53.0","16.72","16.72",,,"78.54","78.54",,,"2.41","2.41",,,,,"41.90386395","-87.75296686301743","POINT (-87.75296686301743 41.90386395)","DFVRF7063_2025-12-10"
"DFNBI6922","day","2025-10-10T00:00:00.000","Mount Greenwood 2",,,,,,,,,,,,,,,,,,,"18.35","16.46","8.96","6.75","49.0","37.0","10.69","10.69",,,"60.71","60.71",,,"14.24","14.24",,,,,"41.69236885","-87.71085274557561","POINT (-87.71085274557561 41.69236885)","DFNBI6922_2025-10-10"
"DPCUT7707","day","2025-12-14T00:00:00.000","Loop 2",,,,,,,,,,,,,,,,,,,"20.75","21.67","6.28","5.99","34.0","33.0","3.79","3.79",,,"54.76","54.76",,,"-13.44","-13.44",,,,,"41.88090137336072","-87.61873552600863","POINT (-87.61873552600863 41.88090137336072)","DPCUT7707_2025-12-14"
"DFESS1920","day","2025-10-11T00:00:00.000","Chicago Lawn 4",,,,,,,,,,,,,,,,,,,"22.68","12.49","8.87","5.84","49.0","32.0","10.37","10.37",,,"66.03","66.03",,,"16.56","16.56",,,,,"41.76416395","-87.70346221669887","POINT (-87.70346221669887 41.76416395)","DFESS1920_2025-10-11"
"DDGFW8206","day","2026-09-17T00:00:00.000","Englewood 3",,,,,,,,,,,,,,,,,,,"11.12","13.5","13.96","7.24","60.0","40.0","17.15","17.15",,,"81.12","81.12",,,"23.48","23.48",,,,,"41.77689575","-87.635949892389","POINT (-87.635949892389 41.77689575)","DDGFW8206_2026-09-17"
"DJKZD4256","day","2025-11-19T00:00:00.000","Morgan Park 3",,,,,,,,,,,,,,,,,,,"17.53","12.93","21.12","11.13","73.0","55.0","15.81","15.81",,,"79.14","79.14",,,"6.77","6.77",,,,,"41.67869235","-87.67466474951416","POINT (-87.67466474951416 41.67869235)","DJKZD4256_2025-11-19"
"DXWXZ1902","day","2026-06-16T00:00:00.000","South Deering 1",,,,,,,,,,,,,,,,,,,"8.9","11.63","2.47","4.65","13.0","26.0","4.85","4.85",,,"51.44","51.44",,,"21.54","21.54",,,,,"41.71372895","-87.56962240593828","POINT (-87.56962240593828 41.71372895)","DXWXZ1902_2026-06-16"
"DBTKW5792","day","2025-10-12T00:00:00.000","Austin 8",,,,,,,,,,,,,,,,,,,"10.86","12.39","8.9","6.34","49.0","35.0","10.99","10.99",,,"64.07","64.07",,,"16.03","16.03",,,,,"41.8912125","-87.76984190347045","POINT (-87.76984190347045 41.8912125)","DBTKW5792_2025-10-12"
"DYRMT9480","day","2026-08-30T00:00:00.000","West Ridge 2",,,,,,,,,,,,,,,,,,,"13.04","14.82","19.44","11.34","70.0","55.0","24.93","24.93",,,"62.49","62.49",,,"25.54","25.54",,,,,"42.01638365","-87.68983284925712","POINT (-87.68983284925712 42.01638365)","DYRMT9480_2026-08-30"
"DMLBL6950","day","2025-09-10T00:00:00.000","West Lawn 2",,,,,,,,,,,,,,,,,,,"19.49","18.21","11.34","10.4","55.0","53.0","18.37","18.37",,,"44.71","44.71",,,"23.28","23.28",,,,,"41.777474531589306","-87.72038498734025","POINT (-87.72038498734025 41.777474531589306)","DMLBL6950_2025-09-10"
"DWMKK1484","day","2026-04-01T00:00:00.000","Gage Park 2",,,,,,,,,,,,,,,,,,,"9.28","12.38","8.87","6.49","49.0","36.0","8.69","8.69",,,"73.86","73.86",,,"5.21","5.21",,,,,"41.802533999999994","-87.68644672022128","POINT (-87.68644672022128 41.802533999999994)","DWMKK1484_2026-04-01"
"DKIJX6114","day","2026-09-17T00:00:00.000","Lincoln Square 1",,,,,,,,,,,,,,,,,,,"15.04","16.53","16.14","8.32","64.0","46.0","20.37","20.37",,,"81.14","81.14",,,"22.31","22.31",,,,,"41.975673400000005","-87.69009047047274","POINT (-87.69009047047274 41.975673400000005)","DKIJX6114_2026-09-17"
"DMMRS6981","day","2025-11-17T00:00:00.000","Forest Glen 1",,,,,,,,,,,,,,,,,,,"13.09","17.84","3.86","6.54","21.0","36.0","5.4","5.4",,,"44.0","44.0",,,"5.22","5.22",,,,,"42.00388875","-87.78008329520102","POINT (-87.78008329520102 42.00388875)","DMMRS6981_2025-11-17"
"DRYBG8957","day","2025-09-18T00:00:00.000","McKinley Park 2",,,,,,,,,,,,,,,,,,,"18.92","16.7","28.65","15.18","87.0","62.0","33.39","33.39",,,"63.45","63.45",,,"23.71","23.71",,,,,"41.827580350000005","-87.66937111952846","POINT (-87.66937111952846 41.827580350000005)","DRYBG8957_2025-09-18"
"DMHRT7456","day","2026-04-03T00:00:00.000","Chicago Lawn 3",,,,,,,,,,,,,,,,,,,"9.89","10.23","9.16","6.19","51.0","34.0","10.18","10.18",,,"73.73","73.73",,,"13.6","13.6",,,,,"41.76441945","-87.68673944937888","POINT (-87.68673944937888 41.76441945)","DMHRT7456_2026-04-03"
"DLNMW9381","day","2026-08-27T00:00:00.000","Washington Heights 5",,,,,,,,,,,,,,,,,,,"9.45","18.22","14.93","9.7","62.0","52.0","19.27","19.27",,,"58.01","58.01",,,"25.77","25.77",,,,,"41.7138256","-87.65385383114133","POINT (-87.65385383114133 41.7138256)","DLNMW9381_2026-08-27"
"DIUZJ7853","day","2025-09-12T00:00:00.000","Garfield Ridge 2",,,,,,,,,,,,,,,,,,,"14.31","14.48","19.21","11.75","70.0","56.0","24.65","24.65",,,"60.27","60.27",,,"22.85","22.85",,,,,"41.7903843","-87.77048382045737","POINT (-87.77048382045737 41.7903843)","DIUZJ7853_2025-09-12"
"DVCMB9343","day","2026-01-16T00:00:00.000","Belmont Cragin 2",,,,,,,,,,,,,,,,,,,"21.01","21.04","16.8","9.68","65.0","52.0","14.69","14.69",,,"71.9","71.9",,,"-1.77","-1.77",,,,,"41.9356698","-87.7630005644958","POINT (-87.7630005644958 41.9356698)","DVCMB9343_2026-01-16"
"DDCVA2276","day","2026-04-02T00:00:00.000","Forest Glen 2",,,,,,,,,,,,,,,,,,,"18.24","14.51","27.33","10.59","85.0","54.0","21.98","21.98",,,"83.25","83.25",,,"8.57","8.57",,,,,"42.003033450000004","-87.76224995","POINT (-87.76224995 42.003033450000004)","DDCVA2276_2026-04-02"
"DBLXJ4454","day","2026-04-03T00:00:00.000","New City 5",,,,,,,,,,,,,,,,,,,"16.31","11.6","10.34","5.94","53.0","33.0","10.0","10.0",,,"75.21","75.21",,,"12.99","12.99",,,,,"41.802394199999995","-87.66940364304637","POINT (-87.66940364304637 41.802394199999995)","DBLXJ4454_2026-04-03"
"DBFUZ7169","day","2026-06-16T00:00:00.000","South Chicago 4",,,,,,,,,,,,,,,,,,,"8.96","15.79","1.33","4.41","7.0","24.0","4.08","4.08",,,"49.06","49.06",,,"22.08","22.08",,,,,"41.73860965","-87.55239535029682","POINT (-87.55239535029682 41.73860965)","DBFUZ7169_2026-06-16"
"DLVFF5341","day","2026-04-05T00:00:00.000","Grand Boulevard 2",,,,,,,,,,,,,,,,,,,"7.3","8.89","3.43","5.4","19.0","30.0","5.39","5.39",,,"54.5","54.5",,,"7.68","7.68",,,,,"41.80223545","-87.61894770389034","POINT (-87.61894770389034 41.80223545)","DLVFF5341_2026-04-05"
"DMHRT7456","day","2026-04-04T00:00:00.000","Chicago Lawn 3",,,,,,,,,,,,,,,,,,,"15.77","12.05","21.91","9.5","75.0","52.0","18.37","18.37",,,"83.33","83.33",,,"8.76","8.76",,,,,"41.76441945","-87.68673944937888","POINT (-87.68673944937888 41.76441945)","DMHRT7456_2026-04-04"
"DFDVG9143","day","2025-12-09T00:00:00.000","Pullman 3",,,,,,,,,,,,,,,,,,,"11.06","15.5","35.06","15.51","99.0","63.0","17.91","17.91",,,"72.34","72.34",,,"-1.73","-1.73",,,,,"41.70084025","-87.60406122014103","POINT (-87.60406122014103 41.70084025)","DFDVG9143_2025-12-09"
"DTFVD6048","day","2026-08-30T00:00:00.000","Riverdale 1",,,,,,,,,,,,,,,,,,,"9.63","9.5","25.07","13.51","81.0","59.0","30.37","30.37",,,"70.02","70.02",,,"24.26","24.26",,,,,"41.67589005","-87.60362888146102","POINT (-87.60362888146102 41.67589005)","DTFVD6048_2026-08-30"
"DTUGZ9693","day","2026-08-30T00:00:00.000","Lake View 3",,,,,,,,,,,,,,,,,,,"17.82","13.89","20.54","11.97","72.0","56.0","27.01","27.01",,,"62.26","62.26",,,"25.67","25.67",,,,,"41.93498346759276","-87.63645802882175","POINT (-87.63645802882175 41.93498346759276)","DTUGZ9693_2026-08-30"
"DLTCH1397","day","2025-11-19T00:00:00.000","Woodlawn 2",,,,,,,,,,,,,,,,,,,"11.65","9.18","35.58","13.28","101.0","59.0","21.97","21.97",,,"80.95","80.95",,,"6.87","6.87",,,,,"41.77677010295759","-87.58579570605767","POINT (-87.58579570605767 41.77677010295759)","DLTCH1397_2025-11-19"
"DAWAP1896","day","2025-09-20T00:00:00.000","Greater Grand Crossing 5",,,,,,,,,,,,,,,,,,,"21.9","18.67","28.32","15.55","87.0","63.0","36.07","36.07",,,"64.85","64.85",,,"24.75","24.75",,,,,"41.7516673","-87.61940269812234","POINT (-87.61940269812234 41.7516673)","DAWAP1896_2025-09-20"
"DBDSX9338","day","2026-05-29T00:00:00.000","South Shore 2",,,,,,,,,,,,,,,,,,,"8.63","10.59","3.6","5.3","20.0","29.0","7.14","7.14",,,"59.98","59.98",,,"19.8","19.8",,,,,"41.76396055","-87.56920031233949","POINT (-87.56920031233949 41.76396055)","DBDSX9338_2026-05-29"
"DAYYE9472","day","2026-01-13T00:00:00.000","Hyde Park 3",,,,,,,,,,,,,,,,,,,"16.8","17.42","11.67","8.5","56.0","47.0","11.4","11.4",,,"68.59","68.59",,,"5.26","5.26",,,,,"41.7847049","-87.58248692116234","POINT (-87.58248692116234 41.7847049)","DAYYE9472_2026-01-13"
"DSKEW3707","day","2025-11-16T00:00:00.000","Washington Heights 2",,,,,,,,,,,,,,,,,,,"1.41","8.72","1.28","5.23","7.0","29.0","3.11","3.11",,,"37.59","37.59",,,"9.93","9.93",,,,,"41.72629795","-87.6365666647541","POINT (-87.6365666647541 41.72629795)","DSKEW3707_2025-11-16"
"DZBHR9476","day","2025-10-10T00:00:00.000","Near South Side 2",,,,,,,,,,,,,,,,,,,"16.71","23.51","10.51","7.1","54.0","39.0","5.23","5.23",,,"52.43","52.43",,,"15.98","15.98",,,,,"41.853269850000004","-87.61952604024003","POINT (-87.61952604024003 41.853269850000004)","DZBHR9476_2025-10-10"
"DFAQM2360","day","2026-04-02T00:00:00.000","Englewood 1",,,,,,,,,,,,,,,,,,,"19.68","14.16","23.05","11.13","77.0","55.0","24.53","24.53",,,"84.05","84.05",,,"9.96","9.96",,,,,"41.78968585","-87.65259587249278","POINT (-87.65259587249278 41.78968585)","DFAQM2360_2026-04-02"
"DFDFU1164","day","2025-11-20T00:00:00.000","Lower West Side 1",,,,,,,,,,,,,,,,,,,"19.41","17.81","55.36","24.11","150.0","79.0","44.09","44.09",,,"79.46","79.46",,,"7.89","7.89",,,,,"41.852656499999995","-87.68640576809067","POINT (-87.68640576809067 41.852656499999995)","DFDFU1164_2025-11-20"
"DPBXQ5234","day","2025-10-09T00:00:00.000","North Park 2",,,,,,,,,,,,,,,,,,,"13.63","15.03","4.09","5.31","22.0","29.0","5.97","5.97",,,"55.53","55.53",,,"14.63","14.63",,,,,"41.9761239","-87.70826650469988","POINT (-87.70826650469988 41.9761239)","DPBXQ5234_2025-10-09"
"DQXJA8041","day","2025-09-09T00:00:00.000","Archer Heights 3",,,,,,,,,,,,,,,,,,,"11.8","16.07","6.64","7.47","37.0","41.0","9.87","9.87",,,"46.44","46.44",,,"18.81","18.81",,,,,"41.80260805","-87.72071352114713","POINT (-87.72071352114713 41.80260805)","DQXJA8041_2025-09-09"
"DUIZW8642","day","2026-06-19T00:00:00.000","Norwood Park 5",,,,,,,,,,,,,,,,,,,"16.92","16.4","2.38","4.1","13.0","23.0","5.17","5.17",,,"51.59","51.59",,,"22.04","22.04",,,,,"41.9764404","-87.81663050626611","POINT (-87.81663050626611 41.9764404)","DUIZW8642_2026-06-19"
"DQVFE3070","day","2025-09-21T00:00:00.000","Englewood 4",,,,,,,,,,,,,,,,,,,"21.52","11.67","27.9","14.59","86.0","61.0","35.66","35.66",,,"73.72","73.72",,,"23.24","23.24",,,,,"41.764384199999995","-87.6361524558499","POINT (-87.6361524558499 41.764384199999995)","DQVFE3070_2025-09-21"
"DMSGP0807","day","2026-06-18T00:00:00.000","Norwood Park 6",,,,,,,,,,,,,,,,,,,"7.89","11.98","4.51","5.27","25.0","29.0","9.56","9.56",,,"63.87","63.87",,,"21.54","21.54",,,,,"41.97668455","-87.83490487434239","POINT (-87.83490487434239 41.97668455)","DMSGP0807_2026-06-18"
"DEVFQ3796","day","2026-01-14T00:00:00.000","Austin 3",,,,,,,,,,,,,,,,,,,"11.05","14.14","2.24","4.57","12.0","25.0","3.59","3.59",,,"66.03","66.03",,,"1.71","1.71",,,,,"41.8911473","-87.75274756009728","POINT (-87.75274756009728 41.8911473)","DEVFQ3796_2026-01-14"
"DYWEY8508","day","2025-09-15T00:00:00.000","Lake View 2",,,,,,,,,,,,,,,,,,,"11.2","11.41","20.75","13.1","73.0","58.0","29.92","29.92",,,"64.93","64.93",,,"23.34","23.34",,,,,"41.9485634","-87.65401427559598","POINT (-87.65401427559598 41.9485634)","DYWEY8508_2025-09-15"
"DXEMM9791","day","2025-09-16T00:00:00.000","Chatham 2",,,,,,,,,,,,,,,,,,,"11.06","15.96","18.44","10.89","68.0","54.0","23.95","23.95",,,"61.36","61.36",,,"23.33","23.33",,,,,"41.7389797","-87.60272773313176","POINT (-87.60272773313176 41.7389797)","DXEMM9791_2025-09-16"
"DMFEL5431","day","2026-03-28T00:00:00.000","Garfield Ridge 4",,,,,,,,,,,,,,,,,,,"20.02","16.23","8.87","9.02","49.0","50.0","9.65","9.65",,,"49.45","49.45",,,"3.64","3.64",,,,,"41.787349199999994","-87.80034666308356","POINT (-87.80034666308356 41.787349199999994)","DMFEL5431_2026-03-28"
"DGZGL5338","day","2025-10-08T00:00:00.000","Clearing 2",,,,,,,,,,,,,,,,,,,"20.42","13.01","7.12","6.47","39.0","36.0","10.24","10.24",,,"62.88","62.88",,,"14.74","14.74",,,,,"41.77766795","-87.77076185555484","POINT (-87.77076185555484 41.77766795)","DGZGL5338_2025-10-08"
"DCFVE7122","day","2026-06-18T00:00:00.000","New City 3",,,,,,,,,,,,,,,,,,,"12.83","23.76","7.94","6.64","44.0","37.0","13.07","13.07",,,"64.2","64.2",,,"21.72","21.72",,,,,"41.801765700000004","-87.63592810040294","POINT (-87.63592810040294 41.801765700000004)","DCFVE7122_2026-06-18"
"DQABT4506","day","2025-10-08T00:00:00.000","Riverdale 2",,,,,,,,,,,,,,,,,,,"19.81","14.93","8.28","5.4","46.0","30.0","8.66","8.66",,,"69.54","69.54",,,"13.81","13.81",,,,,"41.66370695","-87.6054486089225","POINT (-87.6054486089225 41.66370695)","DQABT4506_2025-10-08"
"DZFFW4078","day","2025-10-13T00:00:00.000","Hegewisch 3",,,,,,,,,,,,,,,,,,,"13.01","15.97","19.14","11.35","70.0","55.0","23.42","23.42",,,"66.31","66.31",,,"16.86","16.86",,,,,"41.650308100000004","-87.53657469999999","POINT (-87.53657469999999 41.650308100000004)","DZFFW4078_2025-10-13"
"DIPDE7442","day","2026-04-03T00:00:00.000","Schiller Park Collocation 3",,,,,,,,,,,,,,,,,,,"13.73","12.05","8.12","5.76","45.0","32.0","7.31","7.31",,,"75.21","75.21",,,"12.75","12.75",,,,,"41.965175","-87.876252","POINT (-87.876252 41.965175)","DIPDE7442_2026-04-03"
"DGHRH9009","day","2026-01-14T00:00:00.000","Gage Park 1",,,,,,,,,,,,,,,,,,,"19.02","16.43","2.27","3.3","12.0","18.0","2.2","2.2",,,"66.61","66.61",,,"1.6","1.6",,,,,"41.8029067","-87.70321051434516","POINT (-87.70321051434516 41.8029067)","DGHRH9009_2026-01-14"
"DZFVS4727","day","2026-04-06T00:00:00.000","Uptown 3",,,,,,,,,,,,,,,,,,,"21.43","13.49","7.63","6.93","42.0","38.0","9.41","9.41",,,"59.02","59.02",,,"9.18","9.18",,,,,"41.96208095","-87.65418214875386","POINT (-87.65418214875386 41.96208095)","DZFVS4727_2026-04-06"
"DERZJ4600","day","2026-05-28T00:00:00.000","Rogers Park 1",,,,,,,,,,,,,,,,,,,"12.09","9.75","4.25","5.57","23.0","31.0","7.93","7.93",,,"60.64","60.64",,,"16.48","16.48",,,,,"42.0162268","-87.6715525592391","POINT (-87.6715525592391 42.0162268)","DERZJ4600_2026-05-28"
"DPBXQ5234","day","2025-09-21T00:00:00.000","North Park 2",,,,,,,,,,,,,,,,,,,"12.59","13.46","26.22","13.88","83.0","60.0","34.88","34.88",,,"71.4","71.4",,,"23.57","23.57",,,,,"41.9761239","-87.70826650469988","POINT (-87.70826650469988 41.9761239)","DPBXQ5234_2025-09-21"
"DBTKW5792","day","2025-10-15T00:00:00.000","Austin 8",,,,,,,,,,,,,,,,,,,"12.38","11.6","6.89","4.38","38.0","24.0","7.65","7.65",,,"76.44","76.44",,,"15.34","15.34",,,,,"41.8912125","-87.76984190347045","POINT (-87.76984190347045 41.8912125)","DBTKW5792_2025-10-15"
"DQXJA8041","day","2026-09-05T00:00:00.000","Archer Heights 3",,,,,,,,,,,,,,,,,,,"15.64","17.94","15.78","11.01","63.0","55.0","25.31","25.31",,,"65.54","65.54",,,"29.2","29.2",,,,,"41.80260805","-87.72071352114713","POINT (-87.72071352114713 41.80260805)","DQXJA8041_2026-09-05"
"DGTDZ6242","day","2026-07-25T00:00:00.000","Forest Glen 3",,,,,,,,,,,,,,,,,,,"15.37","15.77","15.27","10.77","62.0","54.0","21.86","21.86",,,"60.26","60.26",,,"24.09","24.09",,,,,"41.98958085","-87.74435264432117","POINT (-87.74435264432117 41.98958085)","DGTDZ6242_2026-07-25"
"DEVFQ3796","day","2025-11-17T00:00:00.000","Austin 3",,,,,,,,,,,,,,,,,,,"12.17","15.68","5.37","7.62","29.0","42.0","6.43","6.43",,,"42.42","42.42",,,"5.76","5.76",,,,,"41.8911473","-87.75274756009728","POINT (-87.75274756009728 41.8911473)","DEVFQ3796_2025-11-17"
"DUNKA8014","day","2026-04-03T00:00:00.000","North Park 3",,,,,,,,,,,,,,,,,,,"8.75","11.01","9.49","5.6","52.0","31.0","9.18","9.18",,,"73.31","73.31",,,"13.0","13.0",,,,,"41.9803401","-87.74288842798109","POINT (-87.74288842798109 41.9803401)","DUNKA8014_2026-04-03"
"DDGHI0125","day","2026-01-14T00:00:00.000","Belmont Cragin 3",,,,,,,,,,,,,,,,,,,"11.0","9.98","2.33","3.78","13.0","21.0","3.06","3.06",,,"67.75","67.75",,,"1.5","1.5",,,,,"41.92893015","-87.75257875182068","POINT (-87.75257875182068 41.92893015)","DDGHI0125_2026-01-14"
"DERZJ4600","day","2026-04-04T00:00:00.000","Rogers Park 1",,,,,,,,,,,,,,,,,,,"15.25","11.74","19.25","9.64","70.0","52.0","17.59","17.59",,,"83.55","83.55",,,"8.03","8.03",,,,,"42.0162268","-87.6715525592391","POINT (-87.6715525592391 42.0162268)","DERZJ4600_2026-04-04"
"DMTRR1120","day","2026-05-30T00:00:00.000","Burnside 1",,,,,,,,,,,,,,,,,,,"16.73","11.5","13.38","10.51","59.0","54.0","21.1","21.1",,,"53.18","53.18",,,"20.79","20.79",,,,,"41.7264486","-87.60347733401628","POINT (-87.60347733401628 41.7264486)","DMTRR1120_2026-05-30"
"DIVZD0266","day","2026-06-18T00:00:00.000","Archer Heights 1",,,,,,,,,,,,,,,,,,,"14.24","15.69","4.68","5.24","26.0","29.0","9.59","9.59",,,"64.3","64.3",,,"21.84","21.84",,,,,"41.815591850000004","-87.73627709500252","POINT (-87.73627709500252 41.815591850000004)","DIVZD0266_2026-06-18"
"DZBKX0961","day","2025-09-11T00:00:00.000","Kenwood 1",,,,,,,,,,,,,,,,,,,"16.59","12.76","16.85","10.05","65.0","53.0","25.09","25.09",,,"74.28","74.28",,,"21.51","21.51",,,,,"41.8130536","-87.60098186266059","POINT (-87.60098186266059 41.8130536)","DZBKX0961_2025-09-11"
"DRCQU4244","day","2025-11-14T00:00:00.000","Roseland 5",,,,,,,,,,,,,,,,,,,"21.31","18.07","14.11","11.28","60.0","55.0","18.34","18.34",,,"54.32","54.32",,,"12.24","12.24",,,,,"41.688699041017024","-87.63708150083987","POINT (-87.63708150083987 41.688699041017024)","DRCQU4244_2025-11-14"
"DHSIJ5379","day","2025-09-16T00:00:00.000","Washington Heights 1",,,,,,,,,,,,,,,,,,,"18.33","14.69","21.11","12.85","73.0","58.0","27.03","27.03",,,"61.6","61.6",,,"23.03","23.03",,,,,"41.72668335","-87.6533731","POINT (-87.6533731 41.72668335)","DHSIJ5379_2025-09-16"
"DTFVD6048","day","2026-06-19T00:00:00.000","Riverdale 1",,,,,,,,,,,,,,,,,,,"8.79","11.06","4.65","5.08","26.0","28.0","7.63","7.63",,,"61.54","61.54",,,"20.7","20.7",,,,,"41.67589005","-87.60362888146102","POINT (-87.60362888146102 41.67589005)","DTFVD6048_2026-06-19"
"DCAFN1583","day","2026-01-17T00:00:00.000","South Lawndale 5",,,,,,,,,,,,,,,,,,,"11.84","11.91","6.54","6.89","36.0","38.0","4.78","4.78",,,"56.97","56.97",,,"-5.23","-5.23",,,,,"41.827545400000005","-87.73584967759197","POINT (-87.73584967759197 41.827545400000005)","DCAFN1583_2026-01-17"
"DFRKF1779","day","2026-06-16T00:00:00.000","Norwood Park 2",,,,,,,,,,,,,,,,,,,"10.54","11.28","1.1","4.32","6.0","24.0","3.75","3.75",,,"47.12","47.12",,,"22.31","22.31",,,,,"41.99058225","-87.79848941721507","POINT (-87.79848941721507 41.99058225)","DFRKF1779_2026-06-16"
"DZKWB0839","day","2025-10-08T00:00:00.000","East Side 2",,,,,,,,,,,,,,,,,,,"12.89","19.44","7.0","5.43","39.0","30.0","7.8","7.8",,,"63.26","63.26",,,"15.36","15.36",,,,,"41.713258249999996","-87.53592341666666","POINT (-87.53592341666666 41.713258249999996)","DZKWB0839_2025-10-08"
"DMARJ5120","day","2025-11-16T00:00:00.000","Hyde Park 1",,,,,,,,,,,,,,,,,,,"11.98","11.78","1.84","4.5","10.0","25.0","2.9","2.9",,,"34.16","34.16",,,"10.43","10.43",,,,,"41.79964665","-87.60179992085315","POINT (-87.60179992085315 41.79964665)","DMARJ5120_2025-11-16"
"DBDSX9338","day","2025-10-12T00:00:00.000","South Shore 2",,,,,,,,,,,,,,,,,,,"9.09","9.93","5.03","5.53","28.0","31.0","7.4","7.4",,,"65.42","65.42",,,"16.33","16.33",,,,,"41.76396055","-87.56920031233949","POINT (-87.56920031233949 41.76396055)","DBDSX9338_2025-10-12"
"DXHYE9278","day","2026-01-16T00:00:00.000","Hegewisch 5",,,,,,,,,,,,,,,,,,,"16.92","14.06","23.47","9.18","78.0","51.0","13.18","13.18",,,"74.51","74.51",,,"-1.89","-1.89",,,,,"41.64887855","-87.56940151087389","POINT (-87.56940151087389 41.64887855)","DXHYE9278_2026-01-16"
"DUXLQ7589","day","2026-09-17T00:00:00.000","Albany Park 1",,,,,,,,,,,,,,,,,,,"15.04","14.33","16.15","9.29","64.0","51.0","22.33","22.33",,,"84.95","84.95",,,"22.04","22.04",,,,,"41.9752872","-87.72557704250946","POINT (-87.72557704250946 41.9752872)","DUXLQ7589_2026-09-17"
"DMFEL5431","day","2026-05-31T00:00:00.000","Garfield Ridge 4",,,,,,,,,,,,,,,,,,,"13.61","12.97","3.07","5.83","17.0","32.0","7.18","7.18",,,"43.88","43.88",,,"20.17","20.17",,,,,"41.787349199999994","-87.80034666308356","POINT (-87.80034666308356 41.787349199999994)","DMFEL5431_2026-05-31"
"DEIDA3268","day","2026-06-20T00:00:00.000","Near North Side 1",,,,,,,,,,,,,,,,,,,"12.58","13.28","2.4","5.08","13.0","28.0","6.37","6.37",,,"49.9","49.9",,,"23.57","23.57",,,,,"41.908086850000004","-87.65476058225389","POINT (-87.65476058225389 41.908086850000004)","DEIDA3268_2026-06-20"
"DBIRF2035","day","2026-09-17T00:00:00.000","Gage Park 4",,,,,,,,,,,,,,,,,,,"24.37","17.85","16.57","9.51","65.0","52.0","23.16","23.16",,,"78.81","78.81",,,"23.94","23.94",,,,,"41.79007765","-87.70310395085426","POINT (-87.70310395085426 41.79007765)","DBIRF2035_2026-09-17"
"DWCTD3003","day","2025-09-21T00:00:00.000","East Side 4",,,,,,,,,,,,,,,,,,,"15.64","12.5","30.76","14.45","91.0","61.0","37.72","37.72",,,"75.48","75.48",,,"22.9","22.9",,,,,"41.68755215","-87.53597050294346","POINT (-87.53597050294346 41.68755215)","DWCTD3003_2025-09-21"
"DMIYV7889","day","2025-11-18T00:00:00.000","O'Hare 2",,,,,,,,,,,,,,,,,,,"19.67","17.88","16.41","8.07","65.0","44.0","13.44","13.44",,,"76.32","76.32",,,"5.16","5.16",,,,,"41.96313028153143","-87.85304850279294","POINT (-87.85304850279294 41.96313028153143)","DMIYV7889_2025-11-18"
"DYZXT2661","day","2026-01-16T00:00:00.000","Washington Park 1",,,,,,,,,,,,,,,,,,,"17.55","16.19","17.1","7.4","66.0","41.0","10.79","10.79",,,"72.58","72.58",,,"-1.84","-1.84",,,,,"41.79001015","-87.61876673065636","POINT (-87.61876673065636 41.79001015)","DYZXT2661_2026-01-16"
"DALUY0194","day","2026-06-18T00:00:00.000","Near North Side 2",,,,,,,,,,,,,,,,,,,"10.3","14.03","5.91","5.48","33.0","30.0","9.47","9.47",,,"67.79","67.79",,,"20.58","20.58",,,,,"41.9079403","-87.63684281786847","POINT (-87.63684281786847 41.9079403)","DALUY0194_2026-06-18"
"DBCBA3610","day","2025-11-17T00:00:00.000","Austin 5",,,,,,,,,,,,,,,,,,,"18.19","17.43","5.08","7.0","28.0","39.0","6.27","6.27",,,"41.67","41.67",,,"5.69","5.69",,,,,"41.8669061","-87.753564390105","POINT (-87.753564390105 41.8669061)","DBCBA3610_2025-11-17"
"DBYCW6873","day","2026-04-02T00:00:00.000","Norwood Park 4",,,,,,,,,,,,,,,,,,,"15.51","16.14","30.31","12.47","90.0","57.0","23.52","23.52",,,"83.84","83.84",,,"8.78","8.78",,,,,"41.97643085","-87.79850802324188","POINT (-87.79850802324188 41.97643085)","DBYCW6873_2026-04-02"
"DQABT4506","day","2026-06-18T00:00:00.000","Riverdale 2",,,,,,,,,,,,,,,,,,,"13.46","15.03","8.29","5.65","46.0","31.0","11.69","11.69",,,"69.0","69.0",,,"20.97","20.97",,,,,"41.66370695","-87.6054486089225","POINT (-87.6054486089225 41.66370695)","DQABT4506_2026-06-18"
"DRYBG8957","day","2026-01-16T00:00:00.000","McKinley Park 2",,,,,,,,,,,,,,,,,,,"23.13","20.26","19.8","8.62","71.0","48.0","12.12","12.12",,,"72.41","72.41",,,"-1.8","-1.8",,,,,"41.827580350000005","-87.66937111952846","POINT (-87.66937111952846 41.827580350000005)","DRYBG8957_2026-01-16"
"DFRKF1779","day","2025-10-13T00:00:00.000","Norwood Park 2",,,,,,,,,,,,,,,,,,,"23.58","20.29","21.86","11.28","75.0","55.0","22.65","22.65",,,"69.98","69.98",,,"16.06","16.06",,,,,"41.99058225","-87.79848941721507","POINT (-87.79848941721507 41.99058225)","DFRKF1779_2025-10-13"
"DLTCH1397","day","2025-10-09T00:00:00.000","Woodlawn 2",,,,,,,,,,,,,,,,,,,"9.5","11.31","4.03","4.37","22.0","24.0","4.36","4.36",,,"59.53","59.53",,,"14.21","14.21",,,,,"41.77677010295759","-87.58579570605767","POINT (-87.58579570605767 41.77677010295759)","DLTCH1397_2025-10-09"
"DAREG6245","day","2025-10-08T00:00:00.000","Lake View 5",,,,,,,,,,,,,,,,,,,"14.52","16.03","4.77","5.2","26.0","29.0","7.38","7.38",,,"62.82","62.82",,,"15.42","15.42",,,,,"41.93525075","-87.6725314","POINT (-87.6725314 41.93525075)","DAREG6245_2025-10-08"
"DTQTJ0507","day","2025-12-08T00:00:00.000","Douglas 1",,,,,,,,,,,,,,,,,,,"10.86","10.85","4.5","4.57","25.0","25.0","3.38","3.38",,,"61.51","61.51",,,"-2.39","-2.39",,,,,"41.8404121","-87.61910230081149","POINT (-87.61910230081149 41.8404121)","DTQTJ0507_2025-12-08"
"DJWGZ0445","day","2025-09-09T00:00:00.000","Grand Boulevard 1",,,,,,,,,,,,,,,,,,,"18.8","15.79","6.02","6.38","33.0","35.0","9.24","9.24",,,"48.08","48.08",,,"19.16","19.16",,,,,"41.814588650000005","-87.61885441047625","POINT (-87.61885441047625 41.814588650000005)","DJWGZ0445_2025-09-09"
"DHBBM8531","day","2025-09-22T00:00:00.000","Garfield Ridge 1",,,,,,,,,,,,,,,,,,,"16.64","16.78","11.43","7.58","55.0","42.0","15.52","15.52",,,"64.13","64.13",,,"24.03","24.03",,,,,"41.7997122","-87.7531658","POINT (-87.7531658 41.7997122)","DHBBM8531_2025-09-22"
"DQUUS8611","day","2026-04-06T00:00:00.000","West Town 4",,,,,,,,,,,,,,,,,,,"16.4","12.84","8.46","7.48","47.0","41.0","9.02","9.02",,,"56.57","56.57",,,"9.55","9.55",,,,,"41.8948325","-87.67276417877609","POINT (-87.67276417877609 41.8948325)","DQUUS8611_2026-04-06"
"DQWCU6663","day","2026-06-16T00:00:00.000","Austin 6",,,,,,,,,,,,,,,,,,,"11.83","12.41","1.72","4.17","9.0","23.0","4.41","4.41",,,"46.59","46.59",,,"22.44","22.44",,,,,"41.865808","-87.77006790729428","POINT (-87.77006790729428 41.865808)","DQWCU6663_2026-06-16"
"DPQMK5751","day","2026-07-25T00:00:00.000","Avondale 1",,,,,,,,,,,,,,,,,,,"20.0","15.84","15.62","10.85","63.0","54.0","22.36","22.36",,,"55.78","55.78",,,"25.26","25.26",,,,,"41.941301100000004","-87.7184245347691","POINT (-87.7184245347691 41.941301100000004)","DPQMK5751_2026-07-25"
"DJSLY4013","day","2025-10-12T00:00:00.000","South Lawndale 1",,,,,,,,,,,,,,,,,,,"14.76","17.22","7.6","6.15","42.0","34.0","9.89","9.89",,,"60.96","60.96",,,"16.87","16.87",,,,,"41.85292095","-87.7031106219689","POINT (-87.7031106219689 41.85292095)","DJSLY4013_2025-10-12"
"DRHPF2920","day","2025-12-10T00:00:00.000","South Deering 4",,,,,,,,,,,,,,,,,,,"15.76","15.6","28.97","10.71","88.0","54.0","17.7","17.7",,,"80.8","80.8",,,"2.41","2.41",,,,,"41.687832349999994","-87.55325261922826","POINT (-87.55325261922826 41.687832349999994)","DRHPF2920_2025-12-10"
"DERZJ4600","day","2025-09-12T00:00:00.000","Rogers Park 1",,,,,,,,,,,,,,,,,,,"13.14","11.15","18.96","11.01","69.0","55.0","27.33","27.33",,,"74.79","74.79",,,"21.51","21.51",,,,,"42.0162268","-87.6715525592391","POINT (-87.6715525592391 42.0162268)","DERZJ4600_2025-09-12"
"DYWWS0378","day","2025-12-09T00:00:00.000","Uptown 4",,,,,,,,,,,,,,,,,,,"17.66","15.46","30.77","16.28","91.0","64.0","16.71","16.71",,,"71.68","71.68",,,"-1.45","-1.45",,,,,"41.96225355","-87.67205436320755","POINT (-87.67205436320755 41.96225355)","DYWWS0378_2025-12-09"
"DJWGZ0445","day","2025-12-06T00:00:00.000","Grand Boulevard 1",,,,,,,,,,,,,,,,,,,"38.76","20.34","48.16","21.94","132.0","75.0","35.41","35.41",,,"70.13","70.13",,,"-0.73","-0.73",,,,,"41.814588650000005","-87.61885441047625","POINT (-87.61885441047625 41.814588650000005)","DJWGZ0445_2025-12-06"
"DIBVR6629","day","2025-11-16T00:00:00.000","Beverly 2",,,,,,,,,,,,,,,,,,,"10.98","14.32","2.39","4.68","13.0","26.0","2.95","2.95",,,"36.46","36.46",,,"9.27","9.27",,,,,"41.719080149999996","-87.67444563166188","POINT (-87.67444563166188 41.719080149999996)","DIBVR6629_2025-11-16"
"DFFDA0268","day","2025-09-19T00:00:00.000","Near West Side 3",,,,,,,,,,,,,,,,,,,"10.7","14.13","21.27","14.12","74.0","60.0","29.08","29.08",,,"50.84","50.84",,,"26.25","26.25",,,,,"41.8811335","-87.654831","POINT (-87.654831 41.8811335)","DFFDA0268_2025-09-19"
"DAHAJ0678","day","2026-04-02T00:00:00.000","Ashburn 1",,,,,,,,,,,,,,,,,,,"13.14","13.07","28.28","14.01","87.0","60.0","24.7","24.7",,,"85.36","85.36",,,"10.19","10.19",,,,,"41.7522794","-87.73751065","POINT (-87.73751065 41.7522794)","DAHAJ0678_2026-04-02"
"DHJUH1119","day","2025-12-08T00:00:00.000","Dunning 4",,,,,,,,,,,,,,,,,,,"25.08","28.11","12.75","7.49","58.0","41.0","8.49","8.49",,,"66.99","66.99",,,"-4.58","-4.58",,,,,"41.949138399999995","-87.7808436229515","POINT (-87.7808436229515 41.949138399999995)","DHJUH1119_2025-12-08"
"DWBTT8209","day","2026-09-05T00:00:00.000","Edison Park 1",,,,,,,,,,,,,,,,,,,"10.51","10.23","8.87","7.02","49.0","39.0","15.4","15.4",,,"72.49","72.49",,,"27.62","27.62",,,,,"42.017003","-87.816509","POINT (-87.816509 42.017003)","DWBTT8209_2026-09-05"
"DUXLQ7589","day","2025-11-15T00:00:00.000","Albany Park 1",,,,,,,,,,,,,,,,,,,"15.18","17.03","20.1","12.48","71.0","57.0","27.37","27.37",,,"68.23","68.23",,,"17.71","17.71",,,,,"41.9752872","-87.72557704250946","POINT (-87.72557704250946 41.9752872)","DUXLQ7589_2025-11-15"
"DRQFY3540","day","2026-06-16T00:00:00.000","Lower West Side 4","985.0","985.0",,,,,,,,,,,,,,,,,"20.68","23.34","1.68","4.66","9.0","26.0","4.84","4.84","53.6","53.6","44.75","44.75","21.8","21.8","23.0","23.0","219.89","219.89","2.63","2.63","41.84002135","-87.66866860577547","POINT (-87.66866860577547 41.84002135)","DRQFY3540_2026-06-16"
"DWMUZ3935","day","2026-01-16T00:00:00.000","Lincoln Square 2",,,,,,,,,,,,,,,,,,,"15.23","13.74","17.32","9.81","66.0","52.0","12.5","12.5",,,"71.85","71.85",,,"-1.81","-1.81",,,,,"41.962318350000004","-87.69021417611607","POINT (-87.69021417611607 41.962318350000004)","DWMUZ3935_2026-01-16"
"DUSKD5383","day","2026-04-06T00:00:00.000","Dunning 2",,,,,,,,,,,,,,,,,,,"18.31","15.72","8.32","6.04","46.0","33.0","8.95","8.95",,,"61.66","61.66",,,"8.46","8.46",,,,,"41.9494264","-87.81722894476465","POINT (-87.81722894476465 41.9494264)","DUSKD5383_2026-04-06"
"DJWGZ0445","day","2026-05-31T00:00:00.000","Grand Boulevard 1",,,,,,,,,,,,,,,,,,,"19.97","12.15","3.4","4.83","19.0","27.0","6.15","6.15",,,"53.27","53.27",,,"18.19","18.19",,,,,"41.814588650000005","-87.61885441047625","POINT (-87.61885441047625 41.814588650000005)","DJWGZ0445_2026-05-31"
"DEYGE9157","day","2025-09-22T00:00:00.000","South Deering 10",,,,,,,,,,,,,,,,,,,"11.52","12.99","10.46","5.83","53.0","32.0","11.44","11.44",,,"73.26","73.26",,,"22.87","22.87",,,,,"41.7014031","-87.5703907","POINT (-87.5703907 41.7014031)","DEYGE9157_2025-09-22"
"DIIPF3878","day","2026-01-15T00:00:00.000","Edgewater 2",,,,,,,,,,,,,,,,,,,"23.39","21.1","1.26","4.35","7.0","24.0","2.07","2.07",,,"56.08","56.08",,,"-5.62","-5.62",,,,,"41.9859255","-87.65593","POINT (-87.65593 41.9859255)","DIIPF3878_2026-01-15"
"DKTWP2892","day","2025-10-10T00:00:00.000","East Side 3",,,,,,,,,,,,,,,,,,,"13.94","14.57","7.52","6.29","42.0","34.0","8.27","8.27",,,"56.31","56.31",,,"15.2","15.2",,,,,"41.7006795","-87.53620860009178","POINT (-87.53620860009178 41.7006795)","DKTWP2892_2025-10-10"
"DKRXT7147","day","2025-12-06T00:00:00.000","Roseland 4",,,,,,,,,,,,,,,,,,,"11.26","12.7","47.74","23.02","131.0","77.0","32.35","32.35",,,"69.89","69.89",,,"-0.71","-0.71",,,,,"41.68874295","-87.62059497344643","POINT (-87.62059497344643 41.68874295)","DKRXT7147_2025-12-06"
"DNCCJ5144","day","2026-03-28T00:00:00.000","Portage Park 1",,,,,,,,,,,,,,,,,,,"13.66","13.78","9.49","7.73","52.0","43.0","7.7","7.7",,,"50.2","50.2",,,"3.33","3.33",,,,,"41.962849","-87.78047373603852","POINT (-87.78047373603852 41.962849)","DNCCJ5144_2026-03-28"
"DATLR2184","day","2025-11-14T00:00:00.000","Brighton Park 1",,,,,,,,,,,,,,,,,,,"24.94","23.99","16.77","13.16","65.0","58.0","18.52","18.52",,,"51.28","51.28",,,"13.13","13.13",,,,,"41.82784155","-87.70286514736534","POINT (-87.70286514736534 41.82784155)","DATLR2184_2025-11-14"
"DFAQM2360","day","2026-08-26T00:00:00.000","Englewood 1",,,,,,,,,,,,,,,,,,,"16.81","16.42","14.55","10.87","61.0","54.0","20.82","20.82",,,"55.7","55.7",,,"26.61","26.61",,,,,"41.78968585","-87.65259587249278","POINT (-87.65259587249278 41.78968585)","DFAQM2360_2026-08-26"
"DFFDA0268","day","2025-11-19T00:00:00.000","Near West Side 3",,,,,,,,,,,,,,,,,,,"15.5","12.95","39.44","15.97","111.0","64.0","33.78","33.78",,,"75.26","75.26",,,"7.42","7.42",,,,,"41.8811335","-87.654831","POINT (-87.654831 41.8811335)","DFFDA0268_2025-11-19"
"DZTFU6199","day","2025-11-19T00:00:00.000","Ashburn 7",,,,,,,,,,,,,,,,,,,"15.51","12.56","40.19","14.95","112.0","62.0","29.79","29.79",,,"78.59","78.59",,,"6.79","6.79",,,,,"41.73968055","-87.72068312694724","POINT (-87.72068312694724 41.73968055)","DZTFU6199_2025-11-19"
"DQJDZ1252","day","2025-10-11T00:00:00.000","West Pullman 1",,,,,,,,,,,,,,,,,,,"14.38","15.52","7.86","5.6","43.0","31.0","9.01","9.01",,,"65.53","65.53",,,"16.89","16.89",,,,,"41.67590428555132","-87.6540277876164","POINT (-87.6540277876164 41.67590428555132)","DQJDZ1252_2025-10-11"
"DPMWW4120","day","2025-11-15T00:00:00.000","Garfield Ridge 3",,,,,,,,,,,,,,,,,,,"19.77","14.67","21.97","11.52","75.0","55.0","25.58","25.58",,,"69.43","69.43",,,"17.76","17.76",,,,,"41.7872597","-87.78189702338281","POINT (-87.78189702338281 41.7872597)","DPMWW4120_2025-11-15"
"DIUDG6358","day","2025-09-17T00:00:00.000","North Lawndale 5",,,,,,,,,,,,,,,,,,,"18.13","22.39","33.88","19.93","97.0","71.0","40.5","40.5",,,"58.09","58.09",,,"23.65","23.65",,,,,"41.8528468","-87.7363577","POINT (-87.7363577 41.8528468)","DIUDG6358_2025-09-17"
"DITUM6528","day","2025-09-20T00:00:00.000","Near West Side 1",,,,,,,,,,,,,,,,,,,"17.53","16.51","30.79","17.38","91.0","66.0","40.28","40.28",,,"63.03","63.03",,,"24.84","24.84",,,,,"41.878339049999994","-87.68552865180365","POINT (-87.68552865180365 41.878339049999994)","DITUM6528_2025-09-20"
"DIXUN6634","day","2026-08-30T00:00:00.000","Ashburn 3",,,,,,,,,,,,,,,,,,,"11.55","12.55","19.06","11.91","69.0","56.0","26.25","26.25",,,"64.49","64.49",,,"24.99","24.99",,,,,"41.7521062","-87.70393644313098","POINT (-87.70393644313098 41.7521062)","DIXUN6634_2026-08-30"
"DGEPF8361","day","2026-06-17T00:00:00.000","Washington HS Collocation 3",,,,,,,,,,,,,,,,,,,"16.04","13.43","2.66","3.69","14.0","20.0","4.84","4.84",,,"67.55","67.55",,,"17.77","17.77",,,,,"41.687495","-87.538083","POINT (-87.538083 41.687495)","DGEPF8361_2026-06-17"
"DTQTJ0507","day","2026-01-13T00:00:00.000","Douglas 1",,,,,,,,,,,,,,,,,,,"17.35","15.68","16.53","9.03","65.0","50.0","12.92","12.92",,,"67.34","67.34",,,"5.31","5.31",,,,,"41.8404121","-87.61910230081149","POINT (-87.61910230081149 41.8404121)","DTQTJ0507_2026-01-13"
"DHNQG0980","day","2025-09-09T00:00:00.000","Irving Park 1",,,,,,,,,,,,,,,,,,,"13.48","13.44","7.71","7.41","43.0","41.0","11.84","11.84",,,"47.16","47.16",,,"19.27","19.27",,,,,"41.96257933331695","-87.74452053946244","POINT (-87.74452053946244 41.96257933331695)","DHNQG0980_2025-09-09"
"DZTFU6199","day","2026-08-30T00:00:00.000","Ashburn 7",,,,,,,,,,,,,,,,,,,"9.54","11.36","19.79","11.09","71.0","55.0","25.56","25.56",,,"65.33","65.33",,,"24.98","24.98",,,,,"41.73968055","-87.72068312694724","POINT (-87.72068312694724 41.73968055)","DZTFU6199_2026-08-30"
"DJJVG1917","day","2025-09-18T00:00:00.000","Edgewater 1",,,,,,,,,,,,,,,,,,,"16.32","13.72","26.95","14.71","84.0","61.0","34.19","34.19",,,"71.09","71.09",,,"22.54","22.54",,,,,"41.989302800000004","-87.6722930982605","POINT (-87.6722930982605 41.989302800000004)","DJJVG1917_2025-09-18"
"DFAKZ8204","day","2025-12-12T00:00:00.000","New City 4",,,,,,,,,,,,,,,,,,,"10.88","16.5","60.49","24.95","154.0","80.0","32.72","32.72",,,"69.58","69.58",,,"-2.09","-2.09",,,,,"41.802323","-87.65289447500001","POINT (-87.65289447500001 41.802323)","DFAKZ8204_2025-12-12"
"DAMWS8859","day","2026-06-19T00:00:00.000","North Lawndale 2",,,,,,,,,,,,,,,,,,,"12.15","19.92","4.62","5.68","26.0","31.0","7.99","7.99",,,"53.33","53.33",,,"21.91","21.91",,,,,"41.865807399999994","-87.71918399847682","POINT (-87.71918399847682 41.865807399999994)","DAMWS8859_2026-06-19"
"DSHWY2305","day","2025-11-18T00:00:00.000","Irving Park 3",,,,,,,,,,,,,,,,,,,"19.23","15.64","21.01","9.89","73.0","52.0","15.96","15.96",,,"72.47","72.47",,,"6.07","6.07",,,,,"41.9490356","-87.72654561437082","POINT (-87.72654561437082 41.9490356)","DSHWY2305_2025-11-18"
"DQABT4506","day","2026-06-17T00:00:00.000","Riverdale 2",,,,,,,,,,,,,,,,,,,"24.63","18.73","8.11","5.5","45.0","31.0","10.27","10.27",,,"70.76","70.76",,,"17.59","17.59",,,,,"41.66370695","-87.6054486089225","POINT (-87.6054486089225 41.66370695)","DQABT4506_2026-06-17"
"DBJPV1452","day","2025-10-11T00:00:00.000","Irving Park 2",,,,,,,,,,,,,,,,,,,"20.18","13.44","8.27","6.79","46.0","37.0","9.86","9.86",,,"61.79","61.79",,,"16.95","16.95",,,,,"41.94881145","-87.70812985315226","POINT (-87.70812985315226 41.94881145)","DBJPV1452_2025-10-11"
"DZFVS4727","day","2025-11-19T00:00:00.000","Uptown 3",,,,,,,,,,,,,,,,,,,"23.38","15.17","27.72","13.33","86.0","59.0","26.52","26.52",,,"78.39","78.39",,,"7.0","7.0",,,,,"41.96208095","-87.65418214875386","POINT (-87.65418214875386 41.96208095)","DZFVS4727_2025-11-19"
"DHZTI7858","day","2025-10-09T00:00:00.000","Pullman 1",,,,,,,,,,,,,,,,,,,"26.82","15.59","4.95","5.08","27.0","28.0","5.53","5.53",,,"55.78","55.78",,,"14.63","14.63",,,,,"41.71416735","-87.60386913020682","POINT (-87.60386913020682 41.71416735)","DHZTI7858_2025-10-09"
"DKRXT7147","day","2025-10-15T00:00:00.000","Roseland 4",,,,,,,,,,,,,,,,,,,"15.1","11.68","11.34","7.06","55.0","39.0","14.65","14.65",,,"76.62","76.62",,,"15.95","15.95",,,,,"41.68874295","-87.62059497344643","POINT (-87.62059497344643 41.68874295)","DKRXT7147_2025-10-15"
"DWBTT8209","day","2025-10-09T00:00:00.000","Edison Park 1",,,,,,,,,,,,,,,,,,,"11.02","11.2","1.51","4.19","8.0","23.0","4.35","4.35",,,"63.78","63.78",,,"12.81","12.81",,,,,"42.017003","-87.816509","POINT (-87.816509 42.017003)","DWBTT8209_2025-10-09"
"DMVDY6300","day","2026-06-18T00:00:00.000","McKinley Park 1",,,,,,,,,,,,,,,,,,,"11.69","14.18","5.44","5.42","30.0","30.0","10.34","10.34",,,"63.75","63.75",,,"21.8","21.8",,,,,"41.82770135","-87.68592075050194","POINT (-87.68592075050194 41.82770135)","DMVDY6300_2026-06-18"
"DJIHM1001","day","2026-08-27T00:00:00.000","West Town 1",,,,,,,,,,,,,,,,,,,"14.7","15.68","12.8","9.68","58.0","52.0","18.18","18.18",,,"57.82","57.82",,,"25.69","25.69",,,,,"41.90832880000001","-87.69056941589595","POINT (-87.69056941589595 41.90832880000001)","DJIHM1001_2026-08-27"
"DSKEW3707","day","2025-10-08T00:00:00.000","Washington Heights 2",,,,,,,,,,,,,,,,,,,"12.34","15.28","6.65","6.33","37.0","35.0","9.65","9.65",,,"68.11","68.11",,,"13.87","13.87",,,,,"41.72629795","-87.6365666647541","POINT (-87.6365666647541 41.72629795)","DSKEW3707_2025-10-08"
"DMAFX5938","day","2025-10-08T00:00:00.000","Avalon Park 2",,,,,,,,,,,,,,,,,,,"13.78","14.7","7.17","5.37","39.0","29.0","8.1","8.1",,,"64.01","64.01",,,"15.02","15.02",,,,,"41.73883825","-87.5685253","POINT (-87.5685253 41.73883825)","DMAFX5938_2025-10-08"
"DQWCU6663","day","2026-05-28T00:00:00.000","Austin 6",,,,,,,,,,,,,,,,,,,"11.03","12.13","4.67","5.86","26.0","32.0","8.38","8.38",,,"45.25","45.25",,,"21.1","21.1",,,,,"41.865808","-87.77006790729428","POINT (-87.77006790729428 41.865808)","DQWCU6663_2026-05-28"
"DIUZJ7853","day","2025-10-08T00:00:00.000","Garfield Ridge 2",,,,,,,,,,,,,,,,,,,"17.88","15.53","7.38","5.79","41.0","32.0","10.57","10.57",,,"65.51","65.51",,,"13.95","13.95",,,,,"41.7903843","-87.77048382045737","POINT (-87.77048382045737 41.7903843)","DIUZJ7853_2025-10-08"
"DHWLS6819","day","2025-09-11T00:00:00.000","West Pullman 5",,,,,,,,,,,,,,,,,,,"19.3","17.33","19.96","11.36","71.0","55.0","25.73","25.73",,,"64.63","64.63",,,"22.36","22.36",,,,,"41.6635518","-87.63755419774877","POINT (-87.63755419774877 41.6635518)","DHWLS6819_2025-09-11"
"DMFEL5431","day","2026-05-27T00:00:00.000","Garfield Ridge 4",,,,,,,,,,,,,,,,,,,"27.52","23.63","14.37","12.46","61.0","57.0","23.79","23.79",,,"45.38","45.38",,,"25.8","25.8",,,,,"41.787349199999994","-87.80034666308356","POINT (-87.80034666308356 41.787349199999994)","DMFEL5431_2026-05-27"
"DVRBW4874","day","2025-09-22T00:00:00.000","Logan Square 1",,,,,,,,,,,,,,,,,,,"13.91","14.68","13.52","8.22","59.0","46.0","16.97","16.97",,,"63.76","63.76",,,"24.59","24.59",,,,,"41.92963275","-87.71893702781998","POINT (-87.71893702781998 41.92963275)","DVRBW4874_2025-09-22"
"DVWMK9661","day","2025-10-13T00:00:00.000","Humboldt Park 4",,,,,,,,,,,,,,,,,,,"17.55","17.21","14.87","10.12","62.0","53.0","19.91","19.91",,,"60.4","60.4",,,"17.72","17.72",,,,,"41.89083265","-87.71959863710754","POINT (-87.71959863710754 41.89083265)","DVWMK9661_2025-10-13"
"DNEXF4696","day","2026-04-01T00:00:00.000","North Lawndale 4",,,,,,,,,,,,,,,,,,,"14.23","13.3","9.33","5.87","51.0","32.0","8.54","8.54",,,"78.11","78.11",,,"4.63","4.63",,,,,"41.853402849999995","-87.71913459999999","POINT (-87.71913459999999 41.853402849999995)","DNEXF4696_2026-04-01"
"DPDDG5192","day","2026-06-18T00:00:00.000","Montclare 1",,,,,,,,,,,,,,,,,,,"11.8","12.36","4.71","5.05","26.0","28.0","9.06","9.06",,,"62.78","62.78",,,"21.47","21.47",,,,,"41.935839200000004","-87.79903217637985","POINT (-87.79903217637985 41.935839200000004)","DPDDG5192_2026-06-18"
"DHSIJ5379","day","2026-05-29T00:00:00.000","Washington Heights 1",,,,,,,,,,,,,,,,,,,"12.86","13.43","4.35","5.81","24.0","32.0","8.14","8.14",,,"54.4","54.4",,,"20.81","20.81",,,,,"41.72668335","-87.6533731","POINT (-87.6533731 41.72668335)","DHSIJ5379_2026-05-29"
"DMIYV7889","day","2026-04-04T00:00:00.000","O'Hare 2",,,,,,,,,,,,,,,,,,,"13.26","12.66","16.48","7.19","65.0","39.0","11.91","11.91",,,"82.17","82.17",,,"7.79","7.79",,,,,"41.96313028153143","-87.85304850279294","POINT (-87.85304850279294 41.96313028153143)","DMIYV7889_2026-04-04"
"DCAFN1583","day","2025-10-08T00:00:00.000","South Lawndale 5",,,,,,,,,,,,,,,,,,,"24.76","17.67","9.97","7.28","52.0","40.0","12.01","12.01",,,"61.53","61.53",,,"15.03","15.03",,,,,"41.827545400000005","-87.73584967759197","POINT (-87.73584967759197 41.827545400000005)","DCAFN1583_2025-10-08"
"DWFRI5691","day","2026-04-02T00:00:00.000","Humboldt Park 1",,,,,,,,,,,,,,,,,,,"21.7","15.1","31.94","13.34","93.0","59.0","28.69","28.69",,,"81.96","81.96",,,"9.61","9.61",,,,,"41.9036584","-87.73599568710452","POINT (-87.73599568710452 41.9036584)","DWFRI5691_2026-04-02"
"DAPJK7781","day","2026-01-16T00:00:00.000","Near West Side 2",,,,,,,,,,,,,,,,,,,"15.47","16.78","19.17","8.05","70.0","44.0","12.81","12.81",,,"71.76","71.76",,,"-1.55","-1.55",,,,,"41.87791765","-87.66857540000001","POINT (-87.66857540000001 41.87791765)","DAPJK7781_2026-01-16"
"DZIEF7974","day","2026-07-25T00:00:00.000","Auburn Gresham 5",,,,,,,,,,,,,,,,,,,"12.16","14.21","15.39","10.0","63.0","53.0","21.76","21.76",,,"61.03","61.03",,,"23.47","23.47",,,,,"41.739100300000004","-87.67021444445066","POINT (-87.67021444445066 41.739100300000004)","DZIEF7974_2026-07-25"
"DNFCT5518","day","2025-10-14T00:00:00.000","Roseland 6",,,,,,,,,,,,,,,,,,,"19.57","14.32","34.25","17.21","98.0","66.0","42.06","42.06",,,"71.58","71.58",,,"18.99","18.99",,,,,"41.70134325","-87.63695104338622","POINT (-87.63695104338622 41.70134325)","DNFCT5518_2025-10-14"
"DVCMB9343","day","2026-04-01T00:00:00.000","Belmont Cragin 2",,,,,,,,,,,,,,,,,,,"14.29","13.15","5.96","5.33","33.0","29.0","7.04","7.04",,,"72.96","72.96",,,"4.71","4.71",,,,,"41.9356698","-87.7630005644958","POINT (-87.7630005644958 41.9356698)","DVCMB9343_2026-04-01"
"DPBXQ5234","day","2025-10-07T00:00:00.000","North Park 2",,,,,,,,,,,,,,,,,,,"9.18","9.77","6.09","4.59","33.0","25.0","9.16","9.16",,,"78.55","78.55",,,"18.04","18.04",,,,,"41.9761239","-87.70826650469988","POINT (-87.70826650469988 41.9761239)","DPBXQ5234_2025-10-07"
"DAWAP1896","day","2026-05-30T00:00:00.000","Greater Grand Crossing 5",,,,,,,,,,,,,,,,,,,"14.25","14.55","14.15","9.72","60.0","52.0","20.22","20.22",,,"55.15","55.15",,,"20.53","20.53",,,,,"41.7516673","-87.61940269812234","POINT (-87.61940269812234 41.7516673)","DAWAP1896_2026-05-30"
"DFNBI6922","day","2025-11-22T00:00:00.000","Mount Greenwood 2",,,,,,,,,,,,,,,,,,,"16.7","16.13","25.95","12.37","82.0","57.0","18.31","18.31",,,"69.55","69.55",,,"6.25","6.25",,,,,"41.69236885","-87.71085274557561","POINT (-87.71085274557561 41.69236885)","DFNBI6922_2025-11-22"
"DPQMK5751","day","2025-11-13T00:00:00.000","Avondale 1",,,,,,,,,,,,,,,,,,,"23.22","19.0","7.41","6.82","41.0","38.0","7.34","7.34",,,"52.02","52.02",,,"8.37","8.37",,,,,"41.941301100000004","-87.7184245347691","POINT (-87.7184245347691 41.941301100000004)","DPQMK5751_2025-11-13"
"DRHPF2920","day","2026-01-14T00:00:00.000","South Deering 4",,,,,,,,,,,,,,,,,,,"15.09","13.21","3.72","3.83","21.0","21.0","3.57","3.57",,,"68.43","68.43",,,"1.6","1.6",,,,,"41.687832349999994","-87.55325261922826","POINT (-87.55325261922826 41.687832349999994)","DRHPF2920_2026-01-14"
"DNEXF4696","day","2026-08-27T00:00:00.000","North Lawndale 4",,,,,,,,,,,,,,,,,,,"13.01","16.93","15.41","10.54","63.0","54.0","19.65","19.65",,,"56.65","56.65",,,"25.88","25.88",,,,,"41.853402849999995","-87.71913459999999","POINT (-87.71913459999999 41.853402849999995)","DNEXF4696_2026-08-27"
"DLDVK7370","day","2026-06-19T00:00:00.000","South Chicago 2",,,,,,,,,,,,,,,,,,,"17.88","17.03","6.74","5.7","37.0","32.0","9.74","9.74",,,"59.26","59.26",,,"20.55","20.55",,,,,"41.75137435","-87.55253841882741","POINT (-87.55253841882741 41.75137435)","DLDVK7370_2026-06-19"
"DVWMK9661","day","2025-11-21T00:00:00.000","Humboldt Park 4",,,,,,,,,,,,,,,,,,,"14.92","13.67","38.38","16.73","108.0","65.0","29.58","29.58",,,"76.1","76.1",,,"8.42","8.42",,,,,"41.89083265","-87.71959863710754","POINT (-87.71959863710754 41.89083265)","DVWMK9661_2025-11-21"
"DYWHJ8696","day","2026-05-30T00:00:00.000","Chicago Lawn 1",,,,,,,,,,,,,,,,,,,"18.62","17.04","15.84","11.66","63.0","56.0","24.99","24.99",,,"48.37","48.37",,,"21.78","21.78",,,,,"41.7773501","-87.7035278237011","POINT (-87.7035278237011 41.7773501)","DYWHJ8696_2026-05-30"
"DFVRF7063","day","2025-10-14T00:00:00.000","Austin 2",,,,,,,,,,,,,,,,,,,"19.73","15.9","28.0","14.1","86.0","60.0","32.63","32.63",,,"69.26","69.26",,,"18.74","18.74",,,,,"41.90386395","-87.75296686301743","POINT (-87.75296686301743 41.90386395)","DFVRF7063_2025-10-14"
"DHCXV0760","day","2025-09-10T00:00:00.000","West Garfield Park 1",,,,,,,,,,,,,,,,,,,"19.23","18.43","14.05","10.81","60.0","54.0","18.74","18.74",,,"47.22","47.22",,,"22.9","22.9",,,,,"41.87835895","-87.73628820535262","POINT (-87.73628820535262 41.87835895)","DHCXV0760_2025-09-10"
"DRYBG8957","day","2026-07-25T00:00:00.000","McKinley Park 2",,,,,,,,,,,,,,,,,,,"18.31","17.25","17.93","11.29","67.0","55.0","22.62","22.62",,,"58.15","58.15",,,"24.14","24.14",,,,,"41.827580350000005","-87.66937111952846","POINT (-87.66937111952846 41.827580350000005)","DRYBG8957_2026-07-25"
"DZUWB2477","day","2026-01-13T00:00:00.000","North Lawndale 1",,,,,,,,,,,,,,,,,,,"18.17","17.63","19.58","10.02","70.0","53.0","14.24","14.24",,,"68.21","68.21",,,"5.24","5.24",,,,,"41.86579905000001","-87.73621350560661","POINT (-87.73621350560661 41.86579905000001)","DZUWB2477_2026-01-13"
"DQVFE3070","day","2026-08-26T00:00:00.000","Englewood 4",,,,,,,,,,,,,,,,,,,"6.98","10.78","15.53","11.02","63.0","55.0","20.48","20.48",,,"58.72","58.72",,,"25.65","25.65",,,,,"41.764384199999995","-87.6361524558499","POINT (-87.6361524558499 41.764384199999995)","DQVFE3070_2026-08-26"
"DRJPX9457","day","2026-09-17T00:00:00.000","South Deering 5",,,,,,,,,,,,,,,,,,,"12.25","15.71","19.45","8.86","70.0","49.0","22.47","22.47",,,"82.29","82.29",,,"22.96","22.96",,,,,"41.6767009","-87.55354965901725","POINT (-87.55354965901725 41.6767009)","DRJPX9457_2026-09-17"
"DMTRR1120","day","2026-09-05T00:00:00.000","Burnside 1",,,,,,,,,,,,,,,,,,,"20.89","15.05","14.33","9.8","61.0","52.0","21.79","21.79",,,"68.29","68.29",,,"28.68","28.68",,,,,"41.7264486","-87.60347733401628","POINT (-87.60347733401628 41.7264486)","DMTRR1120_2026-09-05"
"DYSHC8669","day","2025-09-19T00:00:00.000","Chicago Lawn 2",,,,,,,,,,,,,,,,,,,"13.1","19.16","22.18","13.85","75.0","60.0","29.42","29.42",,,"58.39","58.39",,,"25.14","25.14",,,,,"41.7772231","-87.6867966971337","POINT (-87.6867966971337 41.7772231)","DYSHC8669_2025-09-19"
"DIZEF3591","day","2025-11-15T00:00:00.000","West Pullman 3",,,,,,,,,,,,,,,,,,,"9.52","14.6","19.96","10.93","71.0","54.0","25.14","25.14",,,"68.87","68.87",,,"17.67","17.67",,,,,"41.67596525","-87.62018065","POINT (-87.62018065 41.67596525)","DIZEF3591_2025-11-15"
"DNBEB5545","day","2025-10-08T00:00:00.000","Hermosa 1",,,,,,,,,,,,,,,,,,,"16.21","13.44","5.76","5.73","32.0","32.0","7.93","7.93",,,"66.18","66.18",,,"14.17","14.17",,,,,"41.928697400000004","-87.73569501672739","POINT (-87.73569501672739 41.928697400000004)","DNBEB5545_2025-10-08"
"DPBXQ5234","day","2025-11-13T00:00:00.000","North Park 2",,,,,,,,,,,,,,,,,,,"20.61","19.33","5.73","6.6","32.0","37.0","7.14","7.14",,,"50.3","50.3",,,"8.31","8.31",,,,,"41.9761239","-87.70826650469988","POINT (-87.70826650469988 41.9761239)","DPBXQ5234_2025-11-13"
"DWCTD3003","day","2026-08-26T00:00:00.000","East Side 4",,,,,,,,,,,,,,,,,,,"12.56","12.95","20.48","12.09","72.0","56.0","23.61","23.61",,,"58.46","58.46",,,"25.55","25.55",,,,,"41.68755215","-87.53597050294346","POINT (-87.53597050294346 41.68755215)","DWCTD3003_2026-08-26"
"DYRMT9480","day","2026-01-13T00:00:00.000","West Ridge 2",,,,,,,,,,,,,,,,,,,"16.07","19.05","12.97","7.68","58.0","42.0","12.01","12.01",,,"65.91","65.91",,,"5.74","5.74",,,,,"42.01638365","-87.68983284925712","POINT (-87.68983284925712 42.01638365)","DYRMT9480_2026-01-13"
"DSZQR8376","day","2026-09-05T00:00:00.000","Hegewisch 1",,,,,,,,,,,,,,,,,,,"11.65","12.9","19.3","10.09","70.0","53.0","23.69","23.69",,,"74.1","74.1",,,"27.34","27.34",,,,,"41.675190108549614","-87.53588600367534","POINT (-87.53588600367534 41.675190108549614)","DSZQR8376_2026-09-05"
"DFAKZ8204","day","2026-01-14T00:00:00.000","New City 4",,,,,,,,,,,,,,,,,,,"7.57","12.19","5.32","4.6","29.0","26.0","4.95","4.95",,,"66.62","66.62",,,"1.73","1.73",,,,,"41.802323","-87.65289447500001","POINT (-87.65289447500001 41.802323)","DFAKZ8204_2026-01-14"
"DFDFU1164","day","2026-08-26T00:00:00.000","Lower West Side 1",,,,,,,,,,,,,,,,,,,"14.43","20.79","19.57","12.02","70.0","56.0","21.66","21.66",,,"55.19","55.19",,,"26.19","26.19",,,,,"41.852656499999995","-87.68640576809067","POINT (-87.68640576809067 41.852656499999995)","DFDFU1164_2026-08-26"
"DIQKT3554","day","2026-04-04T00:00:00.000","Lincoln Park 1",,,,,,,,,,,,,,,,,,,"15.65","13.26","21.34","8.76","74.0","48.0","17.63","17.63",,,"81.05","81.05",,,"8.5","8.5",,,,,"41.92154965","-87.65448778150906","POINT (-87.65448778150906 41.92154965)","DIQKT3554_2026-04-04"
"DHZTI7858","day","2026-06-17T00:00:00.000","Pullman 1",,,,,,,,,,,,,,,,,,,"37.2","18.12","7.76","5.67","43.0","31.0","9.99","9.99",,,"66.42","66.42",,,"18.23","18.23",,,,,"41.71416735","-87.60386913020682","POINT (-87.60386913020682 41.71416735)","DHZTI7858_2026-06-17"
"DLFZU4679","day","2026-06-17T00:00:00.000","West Englewood 2",,,,,,,,,,,,,,,,,,,"25.54","18.8","7.12","5.28","39.0","29.0","8.76","8.76",,,"68.38","68.38",,,"18.05","18.05",,,,,"41.777212500000005","-87.66997231765325","POINT (-87.66997231765325 41.777212500000005)","DLFZU4679_2026-06-17"
"DITUY8368","day","2025-10-09T00:00:00.000","West Ridge 5",,,,,,,,,,,,,,,,,,,"13.0","11.3","4.97","4.91","27.0","27.0","6.75","6.75",,,"60.91","60.91",,,"14.09","14.09",,,,,"41.989107849999996","-87.7079485114359","POINT (-87.7079485114359 41.989107849999996)","DITUY8368_2025-10-09"
"DFIRX1818","day","2026-06-16T00:00:00.000","Pullman 4",,,,,,,,,,,,,,,,,,,"7.29","9.65","1.34","4.37","7.0","24.0","3.94","3.94",,,"50.37","50.37",,,"21.65","21.65",,,,,"41.688425949999996","-87.60256092387152","POINT (-87.60256092387152 41.688425949999996)","DFIRX1818_2026-06-16"
"DNFCT5518","day","2025-12-14T00:00:00.000","Roseland 6",,,,,,,,,,,,,,,,,,,"17.06","16.92","9.49","7.43","52.0","41.0","6.82","6.82",,,"56.05","56.05",,,"-13.79","-13.79",,,,,"41.70134325","-87.63695104338622","POINT (-87.63695104338622 41.70134325)","DNFCT5518_2025-12-14"
"DKISS7174","day","2026-01-13T00:00:00.000","West Elsdon 2",,,,,,,,,,,,,,,,,,,"18.17","21.0","13.36","9.27","59.0","51.0","12.08","12.08",,,"67.59","67.59",,,"5.05","5.05",,,,,"41.7898683","-87.72002286796209","POINT (-87.72002286796209 41.7898683)","DKISS7174_2026-01-13"
"DKXFR1580","day","2025-12-15T00:00:00.000","Logan Square 4",,,,,,,,,,,,,,,,,,,"17.09","17.32","14.68","9.07","61.0","50.0","8.38","8.38",,,"59.15","59.15",,,"-10.94","-10.94",,,,,"41.91611105","-87.71889889177663","POINT (-87.71889889177663 41.91611105)","DKXFR1580_2025-12-15"
"DKWDP4373","day","2026-03-28T00:00:00.000","Lake View 4",,,,,,,,,,,,,,,,,,,"8.79","10.76","7.61","7.73","42.0","43.0","7.84","7.84",,,"48.86","48.86",,,"3.73","3.73",,,,,"41.93506775","-87.65427066335096","POINT (-87.65427066335096 41.93506775)","DKWDP4373_2026-03-28"
"DEIDA3268","day","2026-01-17T00:00:00.000","Near North Side 1",,,,,,,,,,,,,,,,,,,"13.1","8.79","2.12","5.5","12.0","31.0","2.55","2.55",,,"57.7","57.7",,,"-4.64","-4.64",,,,,"41.908086850000004","-87.65476058225389","POINT (-87.65476058225389 41.908086850000004)","DEIDA3268_2026-01-17"
"DAHWZ2321","day","2026-06-20T00:00:00.000","Albany Park 2",,,,,,,,,,,,,,,,,,,"6.85","11.41","2.0","4.96","11.0","27.0","6.74","6.74",,,"49.63","49.63",,,"23.61","23.61",,,,,"41.96237755","-87.70857185888067","POINT (-87.70857185888067 41.96237755)","DAHWZ2321_2026-06-20"
"DWGYM0810","day","2026-06-19T00:00:00.000","Avalon Park 1",,,,,,,,,,,,,,,,,,,"13.86","14.39","7.43","7.01","41.0","39.0","11.76","11.76",,,"54.33","54.33",,,"21.83","21.83",,,,,"41.7505205","-87.58579258993602","POINT (-87.58579258993602 41.7505205)","DWGYM0810_2026-06-19"
"DZUWB2477","day","2026-08-02T00:00:00.000","North Lawndale 1",,,,,,,,,,,,,,,,,,,"8.64","10.72","30.27","13.22","90.0","59.0","29.96","29.96",,,"76.64","76.64",,,"23.05","23.05",,,,,"41.86579905000001","-87.73621350560661","POINT (-87.73621350560661 41.86579905000001)","DZUWB2477_2026-08-02"
"DGTGR9009","day","2026-07-25T00:00:00.000","South Deering 3",,,,,,,,,,,,,,,,,,,"9.0","16.73","16.14","10.41","64.0","53.0","20.4","20.4",,,"61.84","61.84",,,"23.4","23.4",,,,,"41.70277366369161","-87.55285081796137","POINT (-87.55285081796137 41.70277366369161)","DGTGR9009_2026-07-25"
"DIPDE7442","day","2026-07-21T00:00:00.000","Schiller Park Collocation 3",,,,,,,,,,,,,,,,,,,"16.49","16.63","25.64","15.0","82.0","62.0","31.22","31.22",,,"63.56","63.56",,,"27.53","27.53",,,,,"41.965175","-87.876252","POINT (-87.876252 41.965175)","DIPDE7442_2026-07-21"
"DDLSL3066","day","2025-09-20T00:00:00.000","West Town 2",,,,,,,,,,,,,,,,,,,"8.76","15.1","28.96","17.25","88.0","66.0","37.93","37.93",,,"64.08","64.08",,,"24.78","24.78",,,,,"41.908187749999996","-87.6727799988757","POINT (-87.6727799988757 41.908187749999996)","DDLSL3066_2025-09-20"
"DFMDU1576","day","2026-07-21T00:00:00.000","Greater Grand Crossing 1",,,,,,,,,,,,,,,,,,,"13.26","15.67","29.89","18.54","90.0","69.0","43.09","43.09",,,"60.95","60.95",,,"28.77","28.77",,,,,"41.7770346","-87.61823783345807","POINT (-87.61823783345807 41.7770346)","DFMDU1576_2026-07-21"
"DNBEB5545","day","2026-08-04T00:00:00.000","Hermosa 1",,,,,,,,,,,,,,,,,,,"13.09","13.94","19.51","11.28","70.0","55.0","23.43","23.43",,,"61.23","61.23",,,"26.77","26.77",,,,,"41.928697400000004","-87.73569501672739","POINT (-87.73569501672739 41.928697400000004)","DNBEB5545_2026-08-04"
"DJCYU2364","day","2026-04-01T00:00:00.000","Douglas 2",,,,,,,,,,,,,,,,,,,"17.55","11.7","6.22","4.74","34.0","26.0","7.16","7.16",,,"78.38","78.38",,,"4.31","4.31",,,,,"41.82725075","-87.61890358618274","POINT (-87.61890358618274 41.82725075)","DJCYU2364_2026-04-01"
"DAETQ5676","day","2025-11-15T00:00:00.000","Montclare 2",,,,,,,,,,,,,,,,,,,"12.99","15.39","23.39","12.78","77.0","58.0","29.85","29.85",,,"67.09","67.09",,,"17.61","17.61",,,,,"41.922180350000005","-87.7986427254597","POINT (-87.7986427254597 41.922180350000005)","DAETQ5676_2025-11-15"
"DBZCJ6205","day","2026-01-14T00:00:00.000","Auburn Gresham 3",,,,,,,,,,,,,,,,,,,"14.32","10.83","2.19","5.27","12.0","29.0","3.76","3.76",,,"66.32","66.32",,,"1.71","1.71",,,,,"41.73924395","-87.63654310138114","POINT (-87.63654310138114 41.73924395)","DBZCJ6205_2026-01-14"
"DUSKD5383","day","2026-09-05T00:00:00.000","Dunning 2",,,,,,,,,,,,,,,,,,,"20.04","15.48","15.48","8.88","63.0","49.0","22.15","22.15",,,"73.13","73.13",,,"27.41","27.41",,,,,"41.9494264","-87.81722894476465","POINT (-87.81722894476465 41.9494264)","DUSKD5383_2026-09-05"
"DDGHI0125","day","2026-03-28T00:00:00.000","Belmont Cragin 3",,,,,,,,,,,,,,,,,,,"13.3","12.93","8.54","8.39","47.0","46.0","8.22","8.22",,,"50.08","50.08",,,"3.58","3.58",,,,,"41.92893015","-87.75257875182068","POINT (-87.75257875182068 41.92893015)","DDGHI0125_2026-03-28"
"DAYYE9472","day","2026-01-16T00:00:00.000","Hyde Park 3",,,,,,,,,,,,,,,,,,,"15.54","14.21","14.14","8.84","60.0","49.0","11.4","11.4",,,"73.11","73.11",,,"-1.83","-1.83",,,,,"41.7847049","-87.58248692116234","POINT (-87.58248692116234 41.7847049)","DAYYE9472_2026-01-16"
"DFEAJ0038","day","2026-03-03T00:00:00.000","Hegewisch 2",,,,,,,,,,,,,,,,,,,"18.65","15.55","28.83","15.88","88.0","63.0","19.64","19.64",,,"63.22","63.22",,,"3.42","3.42",,,,,"41.6642805","-87.5373633","POINT (-87.5373633 41.6642805)","DFEAJ0038_2026-03-03"
"DDGFW8206","day","2026-08-26T00:00:00.000","Englewood 3",,,,,,,,,,,,,,,,,,,"3.6","11.92","16.13","10.7","64.0","54.0","20.08","20.08",,,"56.45","56.45",,,"26.49","26.49",,,,,"41.77689575","-87.635949892389","POINT (-87.635949892389 41.77689575)","DDGFW8206_2026-08-26"
"DIHMX0551","day","2026-08-27T00:00:00.000","Humboldt Park 3",,,,,,,,,,,,,,,,,,,"11.86","15.37","13.34","9.93","59.0","52.0","18.86","18.86",,,"58.3","58.3",,,"25.51","25.51",,,,,"41.891075","-87.70279956945122","POINT (-87.70279956945122 41.891075)","DIHMX0551_2026-08-27"
"DZCNZ4799","day","2026-05-31T00:00:00.000","North Center 1",,,,,,,,,,,,,,,,,,,"9.85","9.68","4.07","5.36","22.0","29.0","7.05","7.05",,,"48.88","48.88",,,"18.51","18.51",,,,,"41.9487138","-87.69033089999999","POINT (-87.69033089999999 41.9487138)","DZCNZ4799_2026-05-31"
"DUSKD5383","day","2025-09-10T00:00:00.000","Dunning 2",,,,,,,,,,,,,,,,,,,"23.04","19.17","12.67","9.7","58.0","52.0","19.39","19.39",,,"52.66","52.66",,,"21.87","21.87",,,,,"41.9494264","-87.81722894476465","POINT (-87.81722894476465 41.9494264)","DUSKD5383_2025-09-10"
"DRQFY3540","day","2025-10-12T00:00:00.000","Lower West Side 4","996.0","996.0",,,,,,,,,,,,,,,,,"12.62","12.92","5.06","5.72","28.0","32.0","8.32","8.32","64.0","64.0","55.85","55.85","16.5","16.5","18.53","18.53","102.4","102.4","1.23","1.23","41.84002135","-87.66866860577547","POINT (-87.66866860577547 41.84002135)","DRQFY3540_2025-10-12"
"DFIBC1899","day","2026-06-17T00:00:00.000","South Deering 7","981.0","981.0",,,,,,,,,,,,,,,,,"26.63","20.55",,,,,,,"56.2","56.2","69.75","69.75","17.0","17.0","17.99","17.99","203.87","203.87","0.71","0.71","41.66442141105966","-87.58654247521171","POINT (-87.58654247521171 41.66442141105966)","DFIBC1899_2026-06-17"
"DJSLY4013","day","2025-10-10T00:00:00.000","South Lawndale 1",,,,,,,,,,,,,,,,,,,"19.79","23.09","8.89","7.4","49.0","41.0","10.83","10.83",,,"53.21","53.21",,,"15.72","15.72",,,,,"41.85292095","-87.7031106219689","POINT (-87.7031106219689 41.85292095)","DJSLY4013_2025-10-10"
"DRILK5150","day","2026-04-01T00:00:00.000","East Garfield Park 1",,,,,,,,,,,,,,,,,,,"10.2","9.91","6.74","4.45","37.0","24.0","6.93","6.93",,,"77.94","77.94",,,"4.19","4.19",,,,,"41.87824475","-87.71895694228435","POINT (-87.71895694228435 41.87824475)","DRILK5150_2026-04-01"
"DIZEF3591","day","2026-08-30T00:00:00.000","West Pullman 3",,,,,,,,,,,,,,,,,,,"9.03","13.76","20.94","11.79","73.0","56.0","27.65","27.65",,,"65.78","65.78",,,"24.82","24.82",,,,,"41.67596525","-87.62018065","POINT (-87.62018065 41.67596525)","DIZEF3591_2026-08-30"
"DYUGS4351","day","2025-10-12T00:00:00.000","East Garfield Park 2",,,,,,,,,,,,,,,,,,,"10.29","11.42","6.53","5.61","36.0","31.0","8.54","8.54",,,"61.77","61.77",,,"16.82","16.82",,,,,"41.87840975","-87.70263428383839","POINT (-87.70263428383839 41.87840975)","DYUGS4351_2025-10-12"
"DIZEF3591","day","2026-03-30T00:00:00.000","West Pullman 3",,,,,,,,,,,,,,,,,,,"10.62","19.73","11.13","9.29","55.0","51.0","14.71","14.71",,,"45.54","45.54",,,"18.45","18.45",,,,,"41.67596525","-87.62018065","POINT (-87.62018065 41.67596525)","DIZEF3591_2026-03-30"
"DGAID0757","day","2026-01-16T00:00:00.000","Belmont Cragin 4",,,,,,,,,,,,,,,,,,,"10.42","15.86","19.22","8.12","70.0","45.0","11.61","11.61",,,"72.41","72.41",,,"-1.79","-1.79",,,,,"41.91617695","-87.75264006953043","POINT (-87.75264006953043 41.91617695)","DGAID0757_2026-01-16"
"DXHCB5919","day","2025-12-15T00:00:00.000","Uptown 2","1005.0","1005.0",,,,,,,,,,,,,,,,,"9.79","14.22","13.74","9.62","60.0","52.0","8.66","8.66","59.7","59.7","49.0","49.0","-11.5","-11.5","-9.98","-9.98","294.7","294.7","1.22","1.22","41.97559665","-87.65386596902835","POINT (-87.65386596902835 41.97559665)","DXHCB5919_2025-12-15"
"DBIZF0451","day","2025-09-17T00:00:00.000","West Pullman 2",,,,,,,,,,,,,,,,,,,"17.3","14.41","36.66","17.37","104.0","66.0","39.81","39.81",,,"67.94","67.94",,,"22.0","22.0",,,,,"41.6758357","-87.63729348709609","POINT (-87.63729348709609 41.6758357)","DBIZF0451_2025-09-17"
"DAETQ5676","day","2026-01-16T00:00:00.000","Montclare 2",,,,,,,,,,,,,,,,,,,"10.82","15.14","22.5","9.44","76.0","52.0","15.07","15.07",,,"72.71","72.71",,,"-1.87","-1.87",,,,,"41.922180350000005","-87.7986427254597","POINT (-87.7986427254597 41.922180350000005)","DAETQ5676_2026-01-16"
"DIFIV9884","day","2025-12-07T00:00:00.000","Dunning 3",,,,,,,,,,,,,,,,,,,"19.25","17.99","36.34","18.94","103.0","69.0","22.33","22.33",,,"77.88","77.88",,,"-1.16","-1.16",,,,,"41.949972450000004","-87.7991952049994","POINT (-87.7991952049994 41.949972450000004)","DIFIV9884_2025-12-07"
"DEPLW3142","day","2025-10-07T00:00:00.000","Greater Grand Crossing 3",,,,,,,,,,,,,,,,,,,"21.39","14.53","5.99","5.17","33.0","28.0","8.9","8.9",,,"73.94","73.94",,,"19.44","19.44",,,,,"41.7640476","-87.60243825440212","POINT (-87.60243825440212 41.7640476)","DEPLW3142_2025-10-07"
"DBTKW5792","day","2025-11-19T00:00:00.000","Austin 8",,,,,,,,,,,,,,,,,,,"14.38","14.87","37.89","15.78","107.0","63.0","31.22","31.22",,,"78.02","78.02",,,"6.98","6.98",,,,,"41.8912125","-87.76984190347045","POINT (-87.76984190347045 41.8912125)","DBTKW5792_2025-11-19"
"DWBTT8209","day","2026-04-01T00:00:00.000","Edison Park 1",,,,,,,,,,,,,,,,,,,"5.89","6.76","3.37","4.73","18.0","26.0","6.03","6.03",,,"74.19","74.19",,,"3.98","3.98",,,,,"42.017003","-87.816509","POINT (-87.816509 42.017003)","DWBTT8209_2026-04-01"
"DIIPF3878","day","2026-01-16T00:00:00.000","Edgewater 2",,,,,,,,,,,,,,,,,,,"30.2","24.41","18.88","9.07","69.0","50.0","13.2","13.2",,,"70.96","70.96",,,"-1.45","-1.45",,,,,"41.9859255","-87.65593","POINT (-87.65593 41.9859255)","DIIPF3878_2026-01-16"
"DQZEA3135","day","2026-08-30T00:00:00.000","South Deering 8",,,,,,,,,,,,,,,,,,,"9.09","13.09","21.26","12.23","74.0","57.0","29.87","29.87",,,"68.27","68.27",,,"24.6","24.6",,,,,"41.68798065","-87.58826181539257","POINT (-87.58826181539257 41.68798065)","DQZEA3135_2026-08-30"
"DIZEF3591","day","2026-04-05T00:00:00.000","West Pullman 3",,,,,,,,,,,,,,,,,,,"8.46","11.87","3.86","4.76","21.0","26.0","4.32","4.32",,,"55.33","55.33",,,"7.61","7.61",,,,,"41.67596525","-87.62018065","POINT (-87.62018065 41.67596525)","DIZEF3591_2026-04-05"
"DDFTD2975","day","2026-09-05T00:00:00.000","Washington HS Collocation 2",,,,,,,,,,,,,,,,,,,"14.65","12.9","15.39","9.07","63.0","50.0","22.12","22.12",,,"72.0","72.0",,,"27.76","27.76",,,,,"41.687495","-87.538083","POINT (-87.538083 41.687495)","DDFTD2975_2026-09-05"
"DATLR2184","day","2026-08-26T00:00:00.000","Brighton Park 1",,,,,,,,,,,,,,,,,,,"17.8","19.91","14.71","11.18","61.0","55.0","19.4","19.4",,,"53.53","53.53",,,"26.84","26.84",,,,,"41.82784155","-87.70286514736534","POINT (-87.70286514736534 41.82784155)","DATLR2184_2026-08-26"
"DGRCH4426","day","2026-05-28T00:00:00.000","West Ridge 3",,,,,,,,,,,,,,,,,,,"12.23","9.23","4.29","5.16","23.0","28.0","7.42","7.42",,,"55.29","55.29",,,"18.48","18.48",,,,,"42.002902250000005","-87.6903495","POINT (-87.6903495 42.002902250000005)","DGRCH4426_2026-05-28"
"DGRSB4646","day","2026-06-01T00:00:00.000","Belmont Cragin 1",,,,,,,,,,,,,,,,,,,"8.7","15.52","5.12","5.97","28.0","33.0","8.67","8.67",,,"51.88","51.88",,,"18.33","18.33",,,,,"41.93583815","-87.7807855303175","POINT (-87.7807855303175 41.93583815)","DGRSB4646_2026-06-01"
"DIXUN6634","day","2026-06-01T00:00:00.000","Ashburn 3",,,,,,,,,,,,,,,,,,,"17.7","17.82","4.35","6.18","24.0","34.0","7.61","7.61",,,"49.41","49.41",,,"18.6","18.6",,,,,"41.7521062","-87.70393644313098","POINT (-87.70393644313098 41.7521062)","DIXUN6634_2026-06-01"
"DUDWN9545","day","2026-06-17T00:00:00.000","Ashburn 2",,,,,,,,,,,,,,,,,,,"17.37","15.06","5.76","5.8","32.0","32.0","10.65","10.65",,,"68.65","68.65",,,"17.81","17.81",,,,,"41.75226525","-87.72071577078817","POINT (-87.72071577078817 41.75226525)","DUDWN9545_2026-06-17"
"DRCQU4244","day","2026-06-18T00:00:00.000","Roseland 5",,,,,,,,,,,,,,,,,,,"10.95","11.21","5.3","5.42","29.0","30.0","10.54","10.54",,,"65.4","65.4",,,"21.56","21.56",,,,,"41.688699041017024","-87.63708150083987","POINT (-87.63708150083987 41.688699041017024)","DRCQU4244_2026-06-18"
"DAMWS8859","day","2026-03-30T00:00:00.000","North Lawndale 2",,,,,,,,,,,,,,,,,,,"13.71","26.74","11.9","10.16","56.0","53.0","15.16","15.16",,,"46.97","46.97",,,"17.9","17.9",,,,,"41.865807399999994","-87.71918399847682","POINT (-87.71918399847682 41.865807399999994)","DAMWS8859_2026-03-30"
"DVYCN4987","day","2025-12-14T00:00:00.000","Mayfair Collocation 2",,,,,,,,,,,,,,,,,,,"11.78","8.3","4.94","6.99","27.0","38.0","4.06","4.06",,,"56.9","56.9",,,"-14.25","-14.25",,,,,"41.964742","-87.749434","POINT (-87.749434 41.964742)","DVYCN4987_2025-12-14"
"DHSIJ5379","day","2026-04-03T00:00:00.000","Washington Heights 1",,,,,,,,,,,,,,,,,,,"11.44","9.11","8.29","6.23","46.0","34.0","10.11","10.11",,,"76.17","76.17",,,"13.43","13.43",,,,,"41.72668335","-87.6533731","POINT (-87.6533731 41.72668335)","DHSIJ5379_2026-04-03"
"DXIGM4223","day","2026-04-04T00:00:00.000","Ashburn 6",,,,,,,,,,,,,,,,,,,"4.06","12.1","23.27","10.97","77.0","54.0","19.34","19.34",,,"81.59","81.59",,,"8.86","8.86",,,,,"41.73950785","-87.7038867676452","POINT (-87.7038867676452 41.73950785)","DXIGM4223_2026-04-04"
"DXRZC4102","day","2025-10-10T00:00:00.000","New City 1",,,,,,,,,,,,,,,,,,,"15.68","19.22","9.19","7.1","51.0","39.0","9.82","9.82",,,"56.4","56.4",,,"15.24","15.24",,,,,"41.8149286","-87.66950393452069","POINT (-87.66950393452069 41.8149286)","DXRZC4102_2025-10-10"
"DFAQM2360","day","2025-11-15T00:00:00.000","Englewood 1",,,,,,,,,,,,,,,,,,,"19.0","14.87","20.39","11.83","72.0","56.0","29.57","29.57",,,"68.89","68.89",,,"17.76","17.76",,,,,"41.78968585","-87.65259587249278","POINT (-87.65259587249278 41.78968585)","DFAQM2360_2025-11-15"
"DEJMD2536","day","2025-11-21T00:00:00.000","O'Hare 1",,,,,,,,,,,,,,,,,,,"16.2","11.23","35.74","17.56","101.0","67.0","25.06","25.06",,,"77.45","77.45",,,"8.15","8.15",,,,,"41.9762844","-87.8527641","POINT (-87.8527641 41.9762844)","DEJMD2536_2025-11-21"
"DLTCH1397","day","2025-10-11T00:00:00.000","Woodlawn 2",,,,,,,,,,,,,,,,,,,"12.84","11.62","6.49","5.01","36.0","28.0","7.48","7.48",,,"66.02","66.02",,,"17.26","17.26",,,,,"41.77677010295759","-87.58579570605767","POINT (-87.58579570605767 41.77677010295759)","DLTCH1397_2025-10-11"
"DQXJA8041","day","2026-05-31T00:00:00.000","Archer Heights 3",,,,,,,,,,,,,,,,,,,"12.93","17.67","4.63","6.58","26.0","36.0","8.26","8.26",,,"45.22","45.22",,,"19.52","19.52",,,,,"41.80260805","-87.72071352114713","POINT (-87.72071352114713 41.80260805)","DQXJA8041_2026-05-31"
"DZTFU6199","day","2026-06-16T00:00:00.000","Ashburn 7",,,,,,,,,,,,,,,,,,,"9.17","11.86","1.69","3.99","9.0","22.0","3.98","3.98",,,"49.74","49.74",,,"21.92","21.92",,,,,"41.73968055","-87.72068312694724","POINT (-87.72068312694724 41.73968055)","DZTFU6199_2026-06-16"
"DTCRA7818","day","2025-09-21T00:00:00.000","West Lawn 1",,,,,,,,,,,,,,,,,,,"12.85","16.11","27.01","14.54","84.0","61.0","34.72","34.72",,,"72.57","72.57",,,"23.42","23.42",,,,,"41.7772479","-87.73660460279069","POINT (-87.73660460279069 41.7772479)","DTCRA7818_2025-09-21"
"DIEET8865","day","2025-11-15T00:00:00.000","Hyde Park 4",,,,,,,,,,,,,,,,,,,"10.39","13.42","18.34","10.27","68.0","53.0","19.04","19.04",,,"70.08","70.08",,,"17.58","17.58",,,,,"41.7864527902171","-87.60174594829185","POINT (-87.60174594829185 41.7864527902171)","DIEET8865_2025-11-15"
"DBYCW6873","day","2026-06-16T00:00:00.000","Norwood Park 4",,,,,,,,,,,,,,,,,,,"8.19","11.82","1.64","4.04","9.0","22.0","3.58","3.58",,,"45.7","45.7",,,"22.58","22.58",,,,,"41.97643085","-87.79850802324188","POINT (-87.79850802324188 41.97643085)","DBYCW6873_2026-06-16"
"DNBEB5545","day","2026-05-28T00:00:00.000","Hermosa 1",,,,,,,,,,,,,,,,,,,"11.25","12.54","4.53","5.47","25.0","30.0","7.69","7.69",,,"50.79","50.79",,,"19.64","19.64",,,,,"41.928697400000004","-87.73569501672739","POINT (-87.73569501672739 41.928697400000004)","DNBEB5545_2026-05-28"
"DKDJK5693","day","2026-09-05T00:00:00.000","Roseland 1",,,,,,,,,,,,,,,,,,,"14.19","15.63","14.44","9.83","61.0","52.0","23.09","23.09",,,"69.19","69.19",,,"28.74","28.74",,,,,"41.726565","-87.61949170539359","POINT (-87.61949170539359 41.726565)","DKDJK5693_2026-09-05"
"DWKUZ0134","day","2026-08-04T00:00:00.000","Schiller Park Collocation 1",,,,,,,,,,,,,,,,,,,"30.9","23.02","18.75","11.03","69.0","55.0","24.52","24.52",,,"61.8","61.8",,,"26.29","26.29",,,,,"41.965175","-87.876252","POINT (-87.876252 41.965175)","DWKUZ0134_2026-08-04"
"DVNGV1890","day","2025-11-14T00:00:00.000","Roseland 2",,,,,,,,,,,,,,,,,,,"25.66","24.24","10.91","11.58","54.0","55.0","15.14","15.14",,,"54.55","54.55",,,"12.54","12.54",,,,,"41.71389143635448","-87.61998237196052","POINT (-87.61998237196052 41.71389143635448)","DVNGV1890_2025-11-14"
"DYSHC8669","day","2026-04-03T00:00:00.000","Chicago Lawn 2",,,,,,,,,,,,,,,,,,,"9.44","12.64","8.06","5.64","44.0","31.0","9.6","9.6",,,"75.15","75.15",,,"13.22","13.22",,,,,"41.7772231","-87.6867966971337","POINT (-87.6867966971337 41.7772231)","DYSHC8669_2026-04-03"
"DRDMU5348","day","2026-06-01T00:00:00.000","Washington Heights 3",,,,,,,,,,,,,,,,,,,"23.39","17.65","3.5","5.14","19.0","28.0","6.5","6.5",,,"54.75","54.75",,,"17.88","17.88",,,,,"41.71400135","-87.63668979964916","POINT (-87.63668979964916 41.71400135)","DRDMU5348_2026-06-01"
"DRYBG8957","day","2026-08-27T00:00:00.000","McKinley Park 2",,,,,,,,,,,,,,,,,,,"15.01","15.62","17.42","10.95","66.0","54.0","20.93","20.93",,,"57.04","57.04",,,"25.72","25.72",,,,,"41.827580350000005","-87.66937111952846","POINT (-87.66937111952846 41.827580350000005)","DRYBG8957_2026-08-27"
"DUIZW8642","day","2026-08-02T00:00:00.000","Norwood Park 5",,,,,,,,,,,,,,,,,,,"12.01","11.4","24.17","10.62","79.0","54.0","27.57","27.57",,,"78.15","78.15",,,"22.87","22.87",,,,,"41.9764404","-87.81663050626611","POINT (-87.81663050626611 41.9764404)","DUIZW8642_2026-08-02"
"DLVFF5341","day","2025-11-17T00:00:00.000","Grand Boulevard 2",,,,,,,,,,,,,,,,,,,"17.83","19.03","6.01","7.48","33.0","41.0","7.48","7.48",,,"41.22","41.22",,,"6.33","6.33",,,,,"41.80223545","-87.61894770389034","POINT (-87.61894770389034 41.80223545)","DLVFF5341_2025-11-17"
"DYDVV6312","day","2026-03-30T00:00:00.000","Humboldt Park 2",,,,,,,,,,,,,,,,,,,"13.64","19.03","14.2","11.8","61.0","56.0","17.86","17.86",,,"45.92","45.92",,,"18.35","18.35",,,,,"41.903467449999994","-87.7191087122595","POINT (-87.7191087122595 41.903467449999994)","DYDVV6312_2026-03-30"
"DBMHJ0743","day","2025-09-19T00:00:00.000","Archer Heights 4",,,,,,,,,,,,,,,,,,,"14.37","11.95","22.23","13.25","75.0","59.0","27.89","27.89",,,"56.67","56.67",,,"25.31","25.31",,,,,"41.802709500000006","-87.7373057324682","POINT (-87.7373057324682 41.802709500000006)","DBMHJ0743_2025-09-19"
"DMYFE2499","day","2025-09-19T00:00:00.000","North Lawndale 3",,,,,,,,,,,,,,,,,,,"19.23","14.23","26.17","14.66","83.0","61.0","30.52","30.52",,,"60.52","60.52",,,"24.72","24.72",,,,,"41.86563285","-87.70345920195152","POINT (-87.70345920195152 41.86563285)","DMYFE2499_2025-09-19"
"DNUKL3524","day","2026-07-25T00:00:00.000","West Town 3",,,,,,,,,,,,,,,,,,,"18.35","16.05","14.59","10.85","61.0","54.0","22.01","22.01",,,"55.57","55.57",,,"24.8","24.8",,,,,"41.89463405","-87.65461125155946","POINT (-87.65461125155946 41.89463405)","DNUKL3524_2026-07-25"
"DGDNA0617","day","2026-09-17T00:00:00.000","Edison Park 2",,,,,,,,,,,,,,,,,,,"15.97","13.71","17.74","9.85","67.0","52.0","22.67","22.67",,,"83.74","83.74",,,"21.95","21.95",,,,,"42.00333585","-87.81657557251182","POINT (-87.81657557251182 42.00333585)","DGDNA0617_2026-09-17"
"DNBKU3560","day","2025-10-10T00:00:00.000","West Englewood 1",,,,,,,,,,,,,,,,,,,"20.66","17.38","9.92","7.46","52.0","41.0","11.42","11.42",,,"61.49","61.49",,,"14.23","14.23",,,,,"41.78978595","-87.6695977816758","POINT (-87.6695977816758 41.78978595)","DNBKU3560_2025-10-10"
"DSHYP2656","day","2025-09-17T00:00:00.000","Auburn Gresham 2",,,,,,,,,,,,,,,,,,,"22.73","17.75","24.22","13.48","79.0","59.0","31.5","31.5",,,"62.99","62.99",,,"23.42","23.42",,,,,"41.75200485","-87.65331955036021","POINT (-87.65331955036021 41.75200485)","DSHYP2656_2025-09-17"
"DUIZW8642","day","2025-10-07T00:00:00.000","Norwood Park 5",,,,,,,,,,,,,,,,,,,"22.12","12.92","7.23","4.36","40.0","24.0","9.43","9.43",,,"79.32","79.32",,,"17.55","17.55",,,,,"41.9764404","-87.81663050626611","POINT (-87.81663050626611 41.9764404)","DUIZW8642_2025-10-07"
"DJCYU2364","day","2026-04-04T00:00:00.000","Douglas 2",,,,,,,,,,,,,,,,,,,"20.08","12.82","16.88","8.2","65.0","46.0","18.05","18.05",,,"82.98","82.98",,,"8.43","8.43",,,,,"41.82725075","-87.61890358618274","POINT (-87.61890358618274 41.82725075)","DJCYU2364_2026-04-04"
"DLNMW9381","day","2026-04-04T00:00:00.000","Washington Heights 5",,,,,,,,,,,,,,,,,,,"-7.22","10.89","25.69","9.29","82.0","51.0","19.51","19.51",,,"83.55","83.55",,,"8.87","8.87",,,,,"41.7138256","-87.65385383114133","POINT (-87.65385383114133 41.7138256)","DLNMW9381_2026-04-04"
"DTUGZ9693","day","2025-10-11T00:00:00.000","Lake View 3",,,,,,,,,,,,,,,,,,,"14.73","11.61","6.46","5.45","36.0","30.0","8.64","8.64",,,"62.74","62.74",,,"17.48","17.48",,,,,"41.93498346759276","-87.63645802882175","POINT (-87.63645802882175 41.93498346759276)","DTUGZ9693_2025-10-11"
"DRUBP9408","day","2025-12-11T00:00:00.000","South Deering 2",,,,,,,,,,,,,,,,,,,"9.99","12.01","7.39","5.46","41.0","30.0","3.34","3.34",,,"63.57","63.57",,,"-1.8","-1.8",,,,,"41.71346153849869","-87.55271837532699","POINT (-87.55271837532699 41.71346153849869)","DRUBP9408_2025-12-11"
"DICQL6656","day","2025-09-10T00:00:00.000","Albany Park 3",,,,,,,,,,,,,,,,,,,"17.26","17.13","12.94","10.4","58.0","53.0","18.3","18.3",,,"50.45","50.45",,,"22.77","22.77",,,,,"41.96248775","-87.72638198461931","POINT (-87.72638198461931 41.96248775)","DICQL6656_2025-09-10"
"DQWCU6663","day","2026-01-14T00:00:00.000","Austin 6",,,,,,,,,,,,,,,,,,,"12.59","9.95","3.52","4.0","19.0","22.0","4.12","4.12",,,"65.65","65.65",,,"2.15","2.15",,,,,"41.865808","-87.77006790729428","POINT (-87.77006790729428 41.865808)","DQWCU6663_2026-01-14"
"DQVGW1846","day","2026-08-04T00:00:00.000","South Lawndale 3",,,,,,,,,,,,,,,,,,,"11.33","16.08","25.18","14.25","81.0","61.0","29.5","29.5",,,"59.36","59.36",,,"27.07","27.07",,,,,"41.8403843","-87.71981834946608","POINT (-87.71981834946608 41.8403843)","DQVGW1846_2026-08-04"
"DBTKW5792","day","2026-04-04T00:00:00.000","Austin 8",,,,,,,,,,,,,,,,,,,"13.81","13.55","22.67","9.13","76.0","51.0","19.12","19.12",,,"82.29","82.29",,,"8.2","8.2",,,,,"41.8912125","-87.76984190347045","POINT (-87.76984190347045 41.8912125)","DBTKW5792_2026-04-04"
"DYHTK6723","day","2025-09-10T00:00:00.000","Chatham 1",,,,,,,,,,,,,,,,,,,"15.17","16.15","11.46","9.98","55.0","52.0","17.8","17.8",,,"50.25","50.25",,,"22.2","22.2",,,,,"41.739161550000006","-87.62026829999999","POINT (-87.62026829999999 41.739161550000006)","DYHTK6723_2025-09-10"
"DWEIE9311","day","2026-03-29T00:00:00.000","Bridgeport 2",,,,,,,,,,,,,,,,,,,"13.05","15.66","17.23","11.7","66.0","56.0","13.48","13.48",,,"41.86","41.86",,,"11.09","11.09",,,,,"41.8278059","-87.65209362442712","POINT (-87.65209362442712 41.8278059)","DWEIE9311_2026-03-29"
"DNBKU3560","day","2026-06-17T00:00:00.000","West Englewood 1",,,,,,,,,,,,,,,,,,,"24.74","17.94","6.84","5.54","38.0","31.0","10.37","10.37",,,"67.25","67.25",,,"18.17","18.17",,,,,"41.78978595","-87.6695977816758","POINT (-87.6695977816758 41.78978595)","DNBKU3560_2026-06-17"
"DDZMI3291","day","2025-11-17T00:00:00.000","Lower West Side 5",,,,,,,,,,,,,,,,,,,"10.93","10.46","8.13","7.67","45.0","42.0","7.16","7.16",,,"41.57","41.57",,,"5.94","5.94",,,,,"41.84077025","-87.6863176523946","POINT (-87.6863176523946 41.84077025)","DDZMI3291_2025-11-17"
"DITUY8368","day","2026-06-16T00:00:00.000","West Ridge 5",,,,,,,,,,,,,,,,,,,"11.03","10.31","1.95","4.31","11.0","24.0","5.05","5.05",,,"48.16","48.16",,,"22.27","22.27",,,,,"41.989107849999996","-87.7079485114359","POINT (-87.7079485114359 41.989107849999996)","DITUY8368_2026-06-16"
"DARLP7776","day","2026-04-03T00:00:00.000","Armour Square 2",,,,,,,,,,,,,,,,,,,"16.41","12.78","10.58","5.82","54.0","32.0","9.02","9.02",,,"74.07","74.07",,,"13.15","13.15",,,,,"41.840014499999995","-87.63555596912866","POINT (-87.63555596912866 41.840014499999995)","DARLP7776_2026-04-03"
"DYLLV9237","day","2025-11-14T00:00:00.000","Portage Park 5",,,,,,,,,,,,,,,,,,,"25.2","26.24","17.97","13.68","67.0","59.0","19.97","19.97",,,"52.43","52.43",,,"12.61","12.61",,,,,"41.94900945","-87.76278188336448","POINT (-87.76278188336448 41.94900945)","DYLLV9237_2025-11-14"
"DIVZD0266","day","2025-12-06T00:00:00.000","Archer Heights 1",,,,,,,,,,,,,,,,,,,"22.78","21.3","50.63","24.24","138.0","79.0","35.92","35.92",,,"70.06","70.06",,,"-0.72","-0.72",,,,,"41.815591850000004","-87.73627709500252","POINT (-87.73627709500252 41.815591850000004)","DIVZD0266_2025-12-06"
"DYSHC8669","day","2026-04-02T00:00:00.000","Chicago Lawn 2",,,,,,,,,,,,,,,,,,,"11.98","14.88","25.39","10.99","81.0","54.0","22.97","22.97",,,"83.76","83.76",,,"10.12","10.12",,,,,"41.7772231","-87.6867966971337","POINT (-87.6867966971337 41.7772231)","DYSHC8669_2026-04-02"
"DRCSL7614","day","2025-11-15T00:00:00.000","Jefferson Park 3",,,,,,,,,,,,,,,,,,,"14.64","15.68","23.51","13.39","78.0","59.0","27.8","27.8",,,"68.71","68.71",,,"17.57","17.57",,,,,"41.97629145","-87.78066280290317","POINT (-87.78066280290317 41.97629145)","DRCSL7614_2025-11-15"
"DEWGT8066","day","2026-08-30T00:00:00.000","Portage Park 3",,,,,,,,,,,,,,,,,,,"13.55","13.52","17.26","11.58","66.0","55.0","24.59","24.59",,,"63.55","63.55",,,"25.43","25.43",,,,,"41.94911115","-87.74480067538144","POINT (-87.74480067538144 41.94911115)","DEWGT8066_2026-08-30"
"DTUGZ9693","day","2026-05-31T00:00:00.000","Lake View 3",,,,,,,,,,,,,,,,,,,"11.25","9.26","4.6","4.65","26.0","26.0","6.06","6.06",,,"61.82","61.82",,,"16.64","16.64",,,,,"41.93498346759276","-87.63645802882175","POINT (-87.63645802882175 41.93498346759276)","DTUGZ9693_2026-05-31"
"DWMLU4849","day","2025-11-17T00:00:00.000","Portage Park 4",,,,,,,,,,,,,,,,,,,"16.13","16.52","4.81","7.17","27.0","39.0","6.0","6.0",,,"42.3","42.3",,,"5.51","5.51",,,,,"41.94171985","-87.75242624360101","POINT (-87.75242624360101 41.94171985)","DWMLU4849_2025-11-17"
"DLVFF5341","day","2025-09-16T00:00:00.000","Grand Boulevard 2",,,,,,,,,,,,,,,,,,,"12.01","14.06","17.17","11.73","66.0","56.0","28.02","28.02",,,"62.59","62.59",,,"23.22","23.22",,,,,"41.80223545","-87.61894770389034","POINT (-87.61894770389034 41.80223545)","DLVFF5341_2025-09-16"
"DWMLU4849","day","2026-08-27T00:00:00.000","Portage Park 4",,,,,,,,,,,,,,,,,,,"11.64","12.42","13.36","9.84","59.0","52.0","18.47","18.47",,,"58.53","58.53",,,"25.48","25.48",,,,,"41.94171985","-87.75242624360101","POINT (-87.75242624360101 41.94171985)","DWMLU4849_2026-08-27"
"DPPCP3370","day","2025-11-16T00:00:00.000","West Pullman 4",,,,,,,,,,,,,,,,,,,"6.89","7.28","2.45","4.73","13.0","26.0","3.08","3.08",,,"36.19","36.19",,,"10.26","10.26",,,,,"41.66388775","-87.6211915351054","POINT (-87.6211915351054 41.66388775)","DPPCP3370_2025-11-16"
"DRZTP3103","day","2026-06-17T00:00:00.000","Austin 7",,,,,,,,,,,,,,,,,,,"21.99","14.02","8.48","5.96","47.0","33.0","11.62","11.62",,,"67.0","67.0",,,"17.97","17.97",,,,,"41.878556450000005","-87.77003805376656","POINT (-87.77003805376656 41.878556450000005)","DRZTP3103_2026-06-17"
"DVCHA9392","day","2026-08-27T00:00:00.000","Gage Park 3",,,,,,,,,,,,,,,,,,,"15.81","15.92","14.64","9.94","61.0","52.0","19.27","19.27",,,"55.98","55.98",,,"26.29","26.29",,,,,"41.78987765","-87.68662485","POINT (-87.68662485 41.78987765)","DVCHA9392_2026-08-27"
"DNVBM2851","day","2026-05-27T00:00:00.000","Englewood 5",,,,,,,,,,,,,,,,,,,"19.82","24.86","16.77","11.56","65.0","55.0","21.96","21.96",,,"49.99","49.99",,,"23.76","23.76",,,,,"41.764561","-87.65314835000001","POINT (-87.65314835000001 41.764561)","DNVBM2851_2026-05-27"
"DWMLU4849","day","2026-03-28T00:00:00.000","Portage Park 4",,,,,,,,,,,,,,,,,,,"14.51","15.86","8.64","8.8","48.0","49.0","8.26","8.26",,,"50.11","50.11",,,"3.25","3.25",,,,,"41.94171985","-87.75242624360101","POINT (-87.75242624360101 41.94171985)","DWMLU4849_2026-03-28"
"DDZMI3291","day","2025-11-20T00:00:00.000","Lower West Side 5",,,,,,,,,,,,,,,,,,,"16.43","12.11","59.53","25.0","154.0","81.0","43.63","43.63",,,"79.89","79.89",,,"7.73","7.73",,,,,"41.84077025","-87.6863176523946","POINT (-87.6863176523946 41.84077025)","DDZMI3291_2025-11-20"
"DVPEA0040","day","2025-11-13T00:00:00.000","Auburn Gresham 1",,,,,,,,,,,,,,,,,,,"16.34","20.19","6.86","7.73","38.0","43.0","9.12","9.12",,,"53.18","53.18",,,"7.96","7.96",,,,,"41.75224785","-87.66918975845675","POINT (-87.66918975845675 41.75224785)","DVPEA0040_2025-11-13"
"DCIJQ7018","day","2026-04-04T00:00:00.000","West Ridge 6",,,,,,,,,,,,,,,,,,,"10.06","12.61","19.5","10.07","70.0","53.0","20.46","20.46",,,"83.27","83.27",,,"7.95","7.95",,,,,"42.002863700000006","-87.70792946030201","POINT (-87.70792946030201 42.002863700000006)","DCIJQ7018_2026-04-04"
"DFVRF7063","day","2025-09-11T00:00:00.000","Austin 2",,,,,,,,,,,,,,,,,,,"19.46","15.12","16.96","10.76","66.0","54.0","23.64","23.64",,,"59.57","59.57",,,"22.65","22.65",,,,,"41.90386395","-87.75296686301743","POINT (-87.75296686301743 41.90386395)","DFVRF7063_2025-09-11"
"DDGFW8206","day","2025-09-22T00:00:00.000","Englewood 3",,,,,,,,,,,,,,,,,,,"6.63","12.93","11.17","6.95","55.0","38.0","14.26","14.26",,,"67.95","67.95",,,"23.61","23.61",,,,,"41.77689575","-87.635949892389","POINT (-87.635949892389 41.77689575)","DDGFW8206_2025-09-22"
"DHUBD2135","day","2026-06-17T00:00:00.000","Norwood Park 3",,,,,,,,,,,,,,,,,,,"24.58","16.49","5.65","5.19","31.0","28.0","10.19","10.19",,,"66.95","66.95",,,"18.17","18.17",,,,,"41.98985225","-87.78029629432729","POINT (-87.78029629432729 41.98985225)","DHUBD2135_2026-06-17"
"DYUGS4351","day","2026-09-05T00:00:00.000","East Garfield Park 2",,,,,,,,,,,,,,,,,,,"11.76","13.33","16.38","10.19","64.0","53.0","23.85","23.85",,,"67.18","67.18",,,"29.05","29.05",,,,,"41.87840975","-87.70263428383839","POINT (-87.70263428383839 41.87840975)","DYUGS4351_2026-09-05"
"DCRJT8545","day","2025-10-09T00:00:00.000","Greater Grand Crossing 6",,,,,,,,,,,,,,,,,,,"16.62","18.02","6.38","5.79","35.0","32.0","7.22","7.22",,,"56.87","56.87",,,"14.5","14.5",,,,,"41.75146495","-87.63629560000001","POINT (-87.63629560000001 41.75146495)","DCRJT8545_2025-10-09"
"DALUY0194","day","2025-10-09T00:00:00.000","Near North Side 2",,,,,,,,,,,,,,,,,,,"6.25","10.73","3.09","5.18","17.0","28.0","4.93","4.93",,,"56.51","56.51",,,"14.84","14.84",,,,,"41.9079403","-87.63684281786847","POINT (-87.63684281786847 41.9079403)","DALUY0194_2025-10-09"
"DBCBA3610","day","2025-12-15T00:00:00.000","Austin 5",,,,,,,,,,,,,,,,,,,"16.12","14.96","16.42","11.05","65.0","55.0","11.1","11.1",,,"59.88","59.88",,,"-9.27","-9.27",,,,,"41.8669061","-87.753564390105","POINT (-87.753564390105 41.8669061)","DBCBA3610_2025-12-15"
"DAPJK7781","day","2025-10-15T00:00:00.000","Near West Side 2",,,,,,,,,,,,,,,,,,,"10.85","9.98","5.49","4.14","30.0","23.0","6.82","6.82",,,"72.81","72.81",,,"16.1","16.1",,,,,"41.87791765","-87.66857540000001","POINT (-87.66857540000001 41.87791765)","DAPJK7781_2025-10-15"
"DXRZC4102","day","2026-06-17T00:00:00.000","New City 1",,,,,,,,,,,,,,,,,,,"18.4","17.99","9.37","6.23","51.0","34.0","10.9","10.9",,,"66.76","66.76",,,"18.2","18.2",,,,,"41.8149286","-87.66950393452069","POINT (-87.66950393452069 41.8149286)","DXRZC4102_2026-06-17"
"DRCQU4244","day","2026-08-27T00:00:00.000","Roseland 5",,,,,,,,,,,,,,,,,,,"14.67","14.38","15.51","10.98","63.0","54.0","22.32","22.32",,,"57.47","57.47",,,"26.15","26.15",,,,,"41.688699041017024","-87.63708150083987","POINT (-87.63708150083987 41.688699041017024)","DRCQU4244_2026-08-27"
"DAWUS6556","day","2026-08-27T00:00:00.000","Ashburn 5",,,,,,,,,,,,,,,,,,,"18.97","15.48","16.12","10.41","64.0","53.0","20.7","20.7",,,"57.0","57.0",,,"25.7","25.7",,,,,"41.735451850000004","-87.68498598766976","POINT (-87.68498598766976 41.735451850000004)","DAWUS6556_2026-08-27"
"DSSQU9498","day","2026-09-17T00:00:00.000","Near North Side 4",,,,,,,,,,,,,,,,,,,"19.58","18.85","16.07","9.75","64.0","52.0","21.99","21.99",,,"79.58","79.58",,,"23.14","23.14",,,,,"41.89454935","-87.63665349658982","POINT (-87.63665349658982 41.89454935)","DSSQU9498_2026-09-17"
"DQJVA6225","day","2026-04-03T00:00:00.000","Jefferson Park 1",,,,,,,,,,,,,,,,,,,"9.92","9.37","6.17","5.31","34.0","29.0","7.44","7.44",,,"74.38","74.38",,,"12.64","12.64",,,,,"41.9889689","-87.76288502645104","POINT (-87.76288502645104 41.9889689)","DQJVA6225_2026-04-03"
"DBYCW6873","day","2026-04-04T00:00:00.000","Norwood Park 4",,,,,,,,,,,,,,,,,,,"12.72","12.57","20.73","8.3","73.0","46.0","15.6","15.6",,,"81.06","81.06",,,"8.1","8.1",,,,,"41.97643085","-87.79850802324188","POINT (-87.79850802324188 41.97643085)","DBYCW6873_2026-04-04"
"DBJPV1452","day","2026-07-21T00:00:00.000","Irving Park 2",,,,,,,,,,,,,,,,,,,"16.42","14.34","29.47","17.38","89.0","66.0","37.83","37.83",,,"59.6","59.6",,,"28.74","28.74",,,,,"41.94881145","-87.70812985315226","POINT (-87.70812985315226 41.94881145)","DBJPV1452_2026-07-21"
"DLDVK7370","day","2026-06-17T00:00:00.000","South Chicago 2",,,,,,,,,,,,,,,,,,,"21.14","16.15","6.62","5.23","37.0","29.0","9.58","9.58",,,"67.93","67.93",,,"18.09","18.09",,,,,"41.75137435","-87.55253841882741","POINT (-87.55253841882741 41.75137435)","DLDVK7370_2026-06-17"
"DMHRT7456","day","2025-10-08T00:00:00.000","Chicago Lawn 3",,,,,,,,,,,,,,,,,,,"17.74","13.3","9.18","6.76","51.0","37.0","10.69","10.69",,,"64.8","64.8",,,"14.68","14.68",,,,,"41.76441945","-87.68673944937888","POINT (-87.68673944937888 41.76441945)","DMHRT7456_2025-10-08"
"DGGGM0466","day","2025-11-18T00:00:00.000","Bridgeport 1",,,,,,,,,,,,,,,,,,,"15.92","12.37","18.26","8.71","68.0","48.0","12.85","12.85",,,"71.97","71.97",,,"6.34","6.34",,,,,"41.840132100000005","-87.65224955235848","POINT (-87.65224955235848 41.840132100000005)","DGGGM0466_2025-11-18"
"DLAIF4030","day","2026-06-18T00:00:00.000","Schiller Park Collocation 2",,,,,,,,,,,,,,,,,,,"12.36","14.85","4.59","5.21","25.0","29.0","8.45","8.45",,,"63.65","63.65",,,"21.24","21.24",,,,,"41.965175","-87.876252","POINT (-87.876252 41.965175)","DLAIF4030_2026-06-18"
"DLNMW9381","day","2026-04-02T00:00:00.000","Washington Heights 5",,,,,,,,,,,,,,,,,,,"0.18","14.2","32.22","12.31","94.0","57.0","25.0","25.0",,,"84.12","84.12",,,"10.51","10.51",,,,,"41.7138256","-87.65385383114133","POINT (-87.65385383114133 41.7138256)","DLNMW9381_2026-04-02"
"DMMRS6981","day","2026-09-05T00:00:00.000","Forest Glen 1",,,,,,,,,,,,,,,,,,,"12.8","11.51","14.23","9.17","61.0","51.0","22.38","22.38",,,"72.4","72.4",,,"27.57","27.57",,,,,"42.00388875","-87.78008329520102","POINT (-87.78008329520102 42.00388875)","DMMRS6981_2026-09-05"
"DUVHI0112","day","2026-08-26T00:00:00.000","Loop 1",,,,,,,,,,,,,,,,,,,"21.05","21.45","16.84","11.59","65.0","55.0","21.31","21.31",,,"60.08","60.08",,,"24.75","24.75",,,,,"41.88099208345538","-87.63680609400441","POINT (-87.63680609400441 41.88099208345538)","DUVHI0112_2026-08-26"
"DJJVG1917","day","2025-10-07T00:00:00.000","Edgewater 1",,,,,,,,,,,,,,,,,,,"10.91","9.24","5.36","4.66","29.0","26.0","8.65","8.65",,,"78.92","78.92",,,"17.95","17.95",,,,,"41.989302800000004","-87.6722930982605","POINT (-87.6722930982605 41.989302800000004)","DJJVG1917_2025-10-07"
"DMYFE2499","day","2026-01-15T00:00:00.000","North Lawndale 3",,,,,,,,,,,,,,,,,,,"12.06","11.35","2.31","4.04","13.0","22.0","1.87","1.87",,,"56.25","56.25",,,"-5.65","-5.65",,,,,"41.86563285","-87.70345920195152","POINT (-87.70345920195152 41.86563285)","DMYFE2499_2026-01-15"
"DKIJX6114","day","2025-10-10T00:00:00.000","Lincoln Square 1",,,,,,,,,,,,,,,,,,,"13.68","11.71","6.16","6.05","34.0","33.0","8.35","8.35",,,"55.06","55.06",,,"15.46","15.46",,,,,"41.975673400000005","-87.69009047047274","POINT (-87.69009047047274 41.975673400000005)","DKIJX6114_2025-10-10"
"DMSGP0807","day","2025-10-09T00:00:00.000","Norwood Park 6",,,,,,,,,,,,,,,,,,,"14.28","16.36","3.75","5.24","21.0","29.0","6.57","6.57",,,"61.79","61.79",,,"13.28","13.28",,,,,"41.97668455","-87.83490487434239","POINT (-87.83490487434239 41.97668455)","DMSGP0807_2025-10-09"
"DGAID0757","day","2026-04-05T00:00:00.000","Belmont Cragin 4",,,,,,,,,,,,,,,,,,,"5.33","10.0","5.46","5.58","30.0","31.0","5.44","5.44",,,"52.73","52.73",,,"8.16","8.16",,,,,"41.91617695","-87.75264006953043","POINT (-87.75264006953043 41.91617695)","DGAID0757_2026-04-05"
"DMIYV7889","day","2026-09-05T00:00:00.000","O'Hare 2",,,,,,,,,,,,,,,,,,,"13.01","13.24","13.19","7.42","58.0","41.0","17.51","17.51",,,"75.4","75.4",,,"27.09","27.09",,,,,"41.96313028153143","-87.85304850279294","POINT (-87.85304850279294 41.96313028153143)","DMIYV7889_2026-09-05"
"DPWHE0976","day","2026-08-16T00:00:00.000","Fuller Park 1",,,,,,,,,,,,,,,,,,,"10.67","14.2","13.83","7.23","60.0","40.0","17.14","17.14",,,"77.74","77.74",,,"27.16","27.16",,,,,"41.81472425","-87.63492704556565","POINT (-87.63492704556565 41.81472425)","DPWHE0976_2026-08-16"
"DNCCJ5144","day","2026-04-02T00:00:00.000","Portage Park 1",,,,,,,,,,,,,,,,,,,"16.2","13.73","28.66","12.09","87.0","56.0","23.45","23.45",,,"83.86","83.86",,,"9.02","9.02",,,,,"41.962849","-87.78047373603852","POINT (-87.78047373603852 41.962849)","DNCCJ5144_2026-04-02"
"DMLRY2750","day","2026-01-15T00:00:00.000","North Park 1",,,,,,,,,,,,,,,,,,,"-9.7","10.1","9.64","7.1","52.0","39.0","9.34","9.34",,,"58.26","58.26",,,"-6.42","-6.42",,,,,"41.98888865000001","-87.72522068117541","POINT (-87.72522068117541 41.98888865000001)","DMLRY2750_2026-01-15"
"DFNBI6922","day","2026-01-16T00:00:00.000","Mount Greenwood 2",,,,,,,,,,,,,,,,,,,"10.99","12.91","15.46","7.2","63.0","40.0","10.1","10.1",,,"74.4","74.4",,,"-2.06","-2.06",,,,,"41.69236885","-87.71085274557561","POINT (-87.71085274557561 41.69236885)","DFNBI6922_2026-01-16"
"DXEMM9791","day","2025-11-16T00:00:00.000","Chatham 2",,,,,,,,,,,,,,,,,,,"9.03","11.93","2.1","4.65","12.0","26.0","2.84","2.84",,,"34.6","34.6",,,"10.13","10.13",,,,,"41.7389797","-87.60272773313176","POINT (-87.60272773313176 41.7389797)","DXEMM9791_2025-11-16"
"DQJDZ1252","day","2026-01-15T00:00:00.000","West Pullman 1",,,,,,,,,,,,,,,,,,,"7.35","13.21","2.82","4.21","16.0","23.0","2.86","2.86",,,"58.12","58.12",,,"-6.22","-6.22",,,,,"41.67590428555132","-87.6540277876164","POINT (-87.6540277876164 41.67590428555132)","DQJDZ1252_2026-01-15"
"DQRVM2041","day","2026-01-14T00:00:00.000","West Englewood 3",,,,,,,,,,,,,,,,,,,"13.41","11.75","3.41","3.96","19.0","22.0","4.04","4.04",,,"65.71","65.71",,,"1.97","1.97",,,,,"41.764333050000005","-87.67013475649105","POINT (-87.67013475649105 41.764333050000005)","DQRVM2041_2026-01-14"
"DPMWW4120","day","2025-10-11T00:00:00.000","Garfield Ridge 3",,,,,,,,,,,,,,,,,,,"22.15","15.95","11.04","7.16","55.0","39.0","12.97","12.97",,,"65.32","65.32",,,"16.63","16.63",,,,,"41.7872597","-87.78189702338281","POINT (-87.78189702338281 41.7872597)","DPMWW4120_2025-10-11"
"DKXFR1580","day","2025-10-12T00:00:00.000","Logan Square 4",,,,,,,,,,,,,,,,,,,"12.64","11.73","6.44","5.56","36.0","31.0","8.63","8.63",,,"61.72","61.72",,,"16.85","16.85",,,,,"41.91611105","-87.71889889177663","POINT (-87.71889889177663 41.91611105)","DKXFR1580_2025-10-12"
"DYUGS4351","day","2025-12-06T00:00:00.000","East Garfield Park 2",,,,,,,,,,,,,,,,,,,"15.83","16.31","46.91","21.42","129.0","74.0","26.62","26.62",,,"68.88","68.88",,,"-0.75","-0.75",,,,,"41.87840975","-87.70263428383839","POINT (-87.70263428383839 41.87840975)","DYUGS4351_2025-12-06"
"DAYYE9472","day","2026-04-03T00:00:00.000","Hyde Park 3",,,,,,,,,,,,,,,,,,,"13.64","12.51","8.07","6.06","44.0","33.0","9.36","9.36",,,"77.98","77.98",,,"12.74","12.74",,,,,"41.7847049","-87.58248692116234","POINT (-87.58248692116234 41.7847049)","DAYYE9472_2026-04-03"
"DVPZF1960","day","2026-06-17T00:00:00.000","Near West Side 4",,,,,,,,,,,,,,,,,,,"27.81","25.43","6.58","6.34","36.0","35.0","9.97","9.97",,,"64.41","64.41",,,"18.62","18.62",,,,,"41.86523824401148","-87.6352269900566","POINT (-87.6352269900566 41.86523824401148)","DVPZF1960_2026-06-17"
"DRJPX9457","day","2026-01-13T00:00:00.000","South Deering 5",,,,,,,,,,,,,,,,,,,"10.07","16.84","20.31","9.84","72.0","52.0","15.33","15.33",,,"69.26","69.26",,,"4.92","4.92",,,,,"41.6767009","-87.55354965901725","POINT (-87.55354965901725 41.6767009)","DRJPX9457_2026-01-13"
"DWMKK1484","day","2026-04-05T00:00:00.000","Gage Park 2",,,,,,,,,,,,,,,,,,,"5.77","12.4","3.6","5.58","20.0","31.0","4.93","4.93",,,"53.59","53.59",,,"7.56","7.56",,,,,"41.802533999999994","-87.68644672022128","POINT (-87.68644672022128 41.802533999999994)","DWMKK1484_2026-04-05"
"DIUZJ7853","day","2025-12-09T00:00:00.000","Garfield Ridge 2",,,,,,,,,,,,,,,,,,,"15.37","15.8","35.23","14.98","100.0","62.0","25.16","25.16",,,"73.05","73.05",,,"-1.95","-1.95",,,,,"41.7903843","-87.77048382045737","POINT (-87.77048382045737 41.7903843)","DIUZJ7853_2025-12-09"
"DERZJ4600","day","2026-08-30T00:00:00.000","Rogers Park 1",,,,,,,,,,,,,,,,,,,"16.3","12.9","19.83","12.64","71.0","58.0","29.0","29.0",,,"64.64","64.64",,,"25.4","25.4",,,,,"42.0162268","-87.6715525592391","POINT (-87.6715525592391 42.0162268)","DERZJ4600_2026-08-30"
"DAEXF8484","day","2025-09-09T00:00:00.000","Mount Greenwood 1",,,,,,,,,,,,,,,,,,,"14.9","17.11","7.09","6.45","39.0","36.0","8.92","8.92",,,"49.93","49.93",,,"18.07","18.07",,,,,"41.70576455","-87.710860211544","POINT (-87.710860211544 41.70576455)","DAEXF8484_2025-09-09"
"DGKDK3415","day","2026-09-05T00:00:00.000","Irving Park 4",,,,,,,,,,,,,,,,,,,"16.65","12.98","17.11","9.86","66.0","52.0","24.42","24.42",,,"71.01","71.01",,,"28.09","28.09",,,,,"41.941522899999995","-87.73560494297779","POINT (-87.73560494297779 41.941522899999995)","DGKDK3415_2026-09-05"
"DBIRF2035","day","2025-11-16T00:00:00.000","Gage Park 4",,,,,,,,,,,,,,,,,,,"11.3","8.66","2.42","5.74","13.0","32.0","4.14","4.14",,,"36.75","36.75",,,"10.33","10.33",,,,,"41.79007765","-87.70310395085426","POINT (-87.70310395085426 41.79007765)","DBIRF2035_2025-11-16"
"DQIUL8061","day","2026-04-02T00:00:00.000","South Shore 1",,,,,,,,,,,,,,,,,,,"17.09","12.97","31.02","11.63","92.0","56.0","24.14","24.14",,,"83.39","83.39",,,"10.31","10.31",,,,,"41.7641265","-87.5857492","POINT (-87.5857492 41.7641265)","DQIUL8061_2026-04-02"
"DAWAP1896","day","2026-06-17T00:00:00.000","Greater Grand Crossing 5",,,,,,,,,,,,,,,,,,,"23.68","17.87","6.54","5.27","36.0","29.0","9.44","9.44",,,"67.17","67.17",,,"18.31","18.31",,,,,"41.7516673","-87.61940269812234","POINT (-87.61940269812234 41.7516673)","DAWAP1896_2026-06-17"
"DFAQM2360","day","2026-04-03T00:00:00.000","Englewood 1",,,,,,,,,,,,,,,,,,,"16.34","11.59","9.26","5.87","51.0","32.0","11.6","11.6",,,"74.97","74.97",,,"13.24","13.24",,,,,"41.78968585","-87.65259587249278","POINT (-87.65259587249278 41.78968585)","DFAQM2360_2026-04-03"
"DWEWU1433","day","2025-09-16T00:00:00.000","Austin 9",,,,,,,,,,,,,,,,,,,"10.12","14.54","21.96","13.18","75.0","58.0","28.85","28.85",,,"57.55","57.55",,,"23.69","23.69",,,,,"41.9037571","-87.76961617758381","POINT (-87.76961617758381 41.9037571)","DWEWU1433_2025-09-16"
"DYWEY8508","day","2025-10-09T00:00:00.000","Lake View 2",,,,,,,,,,,,,,,,,,,"10.27","11.2","3.56","5.58","19.0","31.0","5.76","5.76",,,"52.88","52.88",,,"15.7","15.7",,,,,"41.9485634","-87.65401427559598","POINT (-87.65401427559598 41.9485634)","DYWEY8508_2025-10-09"
"DQJVA6225","day","2025-11-16T00:00:00.000","Jefferson Park 1",,,,,,,,,,,,,,,,,,,"6.02","7.26","0.96","4.77","5.0","26.0","2.55","2.55",,,"37.98","37.98",,,"8.85","8.85",,,,,"41.9889689","-87.76288502645104","POINT (-87.76288502645104 41.9889689)","DQJVA6225_2025-11-16"
"DBLXJ4454","day","2025-10-11T00:00:00.000","New City 5",,,,,,,,,,,,,,,,,,,"20.58","12.56","9.75","6.9","52.0","38.0","13.04","13.04",,,"65.31","65.31",,,"16.68","16.68",,,,,"41.802394199999995","-87.66940364304637","POINT (-87.66940364304637 41.802394199999995)","DBLXJ4454_2025-10-11"
"DUIZW8642","day","2025-10-12T00:00:00.000","Norwood Park 5",,,,,,,,,,,,,,,,,,,"18.69","12.23","6.73","5.3","37.0","29.0","9.03","9.03",,,"65.78","65.78",,,"15.49","15.49",,,,,"41.9764404","-87.81663050626611","POINT (-87.81663050626611 41.9764404)","DUIZW8642_2025-10-12"
"DVCHA9392","day","2026-08-30T00:00:00.000","Gage Park 3",,,,,,,,,,,,,,,,,,,"16.69","14.44","20.64","11.68","72.0","56.0","26.8","26.8",,,"64.67","64.67",,,"25.26","25.26",,,,,"41.78987765","-87.68662485","POINT (-87.68662485 41.78987765)","DVCHA9392_2026-08-30"
"DRILK5150","day","2025-09-11T00:00:00.000","East Garfield Park 1",,,,,,,,,,,,,,,,,,,"18.21","13.08","18.18","11.57","68.0","55.0","28.74","28.74",,,"63.25","63.25",,,"22.44","22.44",,,,,"41.87824475","-87.71895694228435","POINT (-87.71895694228435 41.87824475)","DRILK5150_2025-09-11"
"DWGYM0810","day","2026-06-18T00:00:00.000","Avalon Park 1",,,,,,,,,,,,,,,,,,,"10.61","11.16","8.14","6.3","45.0","35.0","12.49","12.49",,,"65.8","65.8",,,"21.34","21.34",,,,,"41.7505205","-87.58579258993602","POINT (-87.58579258993602 41.7505205)","DWGYM0810_2026-06-18"
"DHZTI7858","day","2026-04-04T00:00:00.000","Pullman 1",,,,,,,,,,,,,,,,,,,"27.18","14.53","26.14","9.66","83.0","52.0","19.88","19.88",,,"81.26","81.26",,,"9.36","9.36",,,,,"41.71416735","-87.60386913020682","POINT (-87.60386913020682 41.71416735)","DHZTI7858_2026-04-04"
"DMLBL6950","day","2025-10-07T00:00:00.000","West Lawn 2",,,,,,,,,,,,,,,,,,,"32.62","18.71","9.0","6.27","50.0","34.0","13.31","13.31",,,"76.6","76.6",,,"18.85","18.85",,,,,"41.777474531589306","-87.72038498734025","POINT (-87.72038498734025 41.777474531589306)","DMLBL6950_2025-10-07"
"DCYXM8877","day","2026-07-25T00:00:00.000","Dunning 1",,,,,,,,,,,,,,,,,,,"15.59","15.64","16.47","11.07","65.0","55.0","24.17","24.17",,,"63.86","63.86",,,"23.19","23.19",,,,,"41.94945715","-87.83511784539533","POINT (-87.83511784539533 41.94945715)","DCYXM8877_2026-07-25"
"DKTWP2892","day","2025-11-17T00:00:00.000","East Side 3",,,,,,,,,,,,,,,,,,,"18.96","17.59","6.47","6.56","36.0","36.0","5.48","5.48",,,"44.8","44.8",,,"5.42","5.42",,,,,"41.7006795","-87.53620860009178","POINT (-87.53620860009178 41.7006795)","DKTWP2892_2025-11-17"
"DQZEA3135","day","2026-04-06T00:00:00.000","South Deering 8",,,,,,,,,,,,,,,,,,,"11.62","14.62","9.55","6.77","52.0","37.0","10.46","10.46",,,"58.8","58.8",,,"8.96","8.96",,,,,"41.68798065","-87.58826181539257","POINT (-87.58826181539257 41.68798065)","DQZEA3135_2026-04-06"
"DFKYP0941","day","2025-09-17T00:00:00.000","Lincoln Park 2",,,,,,,,,,,,,,,,,,,"13.47","11.09","20.23","9.61","72.0","52.0","23.27","23.27",,,"75.3","75.3",,,"22.12","22.12",,,,,"41.92145185","-87.63691042803572","POINT (-87.63691042803572 41.92145185)","DFKYP0941_2025-09-17"
"DRCQU4244","day","2025-11-17T00:00:00.000","Roseland 5",,,,,,,,,,,,,,,,,,,"22.54","18.96","7.25","8.41","40.0","47.0","8.57","8.57",,,"43.78","43.78",,,"5.46","5.46",,,,,"41.688699041017024","-87.63708150083987","POINT (-87.63708150083987 41.688699041017024)","DRCQU4244_2025-11-17"
"DFCTF9310","day","2026-01-16T00:00:00.000","Washington Heights 4",,,,,,,,,,,,,,,,,,,"18.99","18.23","18.77","7.95","69.0","44.0","12.94","12.94",,,"74.15","74.15",,,"-1.88","-1.88",,,,,"41.701536071848494","-87.65364411744643","POINT (-87.65364411744643 41.701536071848494)","DFCTF9310_2026-01-16"
"DZIHS7092","day","2025-10-12T00:00:00.000","Archer Heights 2",,,,,,,,,,,,,,,,,,,"13.09","13.82","6.12","5.27","34.0","29.0","8.76","8.76",,,"63.83","63.83",,,"16.01","16.01",,,,,"41.81532825167885","-87.71997399657484","POINT (-87.71997399657484 41.81532825167885)","DZIHS7092_2025-10-12"
"DIQKT3554","day","2026-04-06T00:00:00.000","Lincoln Park 1",,,,,,,,,,,,,,,,,,,"13.45","13.19","10.2","7.26","53.0","40.0","9.9","9.9",,,"56.5","56.5",,,"9.51","9.51",,,,,"41.92154965","-87.65448778150906","POINT (-87.65448778150906 41.92154965)","DIQKT3554_2026-04-06"
"DIFIV9884","day","2025-11-13T00:00:00.000","Dunning 3",,,,,,,,,,,,,,,,,,,"21.06","17.57","4.96","6.79","27.0","37.0","6.34","6.34",,,"53.86","53.86",,,"7.55","7.55",,,,,"41.949972450000004","-87.7991952049994","POINT (-87.7991952049994 41.949972450000004)","DIFIV9884_2025-11-13"
"DRHPF2920","day","2025-11-12T00:00:00.000","South Deering 4",,,,,,,,,,,,,,,,,,,"13.69","13.14","9.27","6.24","51.0","34.0","7.24","7.24",,,"60.81","60.81",,,"6.66","6.66",,,,,"41.687832349999994","-87.55325261922826","POINT (-87.55325261922826 41.687832349999994)","DRHPF2920_2025-11-12"
"DICQL6656","day","2025-12-08T00:00:00.000","Albany Park 3",,,,,,,,,,,,,,,,,,,"13.6","19.14","10.6","8.06","54.0","44.0","7.99","7.99",,,"67.61","67.61",,,"-4.54","-4.54",,,,,"41.96248775","-87.72638198461931","POINT (-87.72638198461931 41.96248775)","DICQL6656_2025-12-08"
"DBCBA3610","day","2026-05-28T00:00:00.000","Austin 5",,,,,,,,,,,,,,,,,,,"11.99","13.22","4.27","5.96","23.0","33.0","8.48","8.48",,,"48.3","48.3",,,"20.17","20.17",,,,,"41.8669061","-87.753564390105","POINT (-87.753564390105 41.8669061)","DBCBA3610_2026-05-28"
"DSHWY2305","day","2026-04-02T00:00:00.000","Irving Park 3",,,,,,,,,,,,,,,,,,,"16.5","14.09","31.01","13.12","92.0","58.0","23.28","23.28",,,"81.94","81.94",,,"9.09","9.09",,,,,"41.9490356","-87.72654561437082","POINT (-87.72654561437082 41.9490356)","DSHWY2305_2026-04-02"
"DRJPX9457","day","2026-05-29T00:00:00.000","South Deering 5",,,,,,,,,,,,,,,,,,,"4.54","12.37","7.04","6.17","39.0","34.0","10.02","10.02",,,"57.89","57.89",,,"20.22","20.22",,,,,"41.6767009","-87.55354965901725","POINT (-87.55354965901725 41.6767009)","DRJPX9457_2026-05-29"
"DUUZN2841","day","2026-05-27T00:00:00.000","Logan Square 3",,,,,,,,,,,,,,,,,,,"28.24","25.74","15.42","13.33","63.0","59.0","26.2","26.2",,,"45.46","45.46",,,"25.43","25.43",,,,,"41.9218112","-87.6906365784621","POINT (-87.6906365784621 41.9218112)","DUUZN2841_2026-05-27"
"DCRJT8545","day","2025-09-17T00:00:00.000","Greater Grand Crossing 6",,,,,,,,,,,,,,,,,,,"23.41","23.08","26.19","14.15","83.0","60.0","29.86","29.86",,,"62.36","62.36",,,"23.78","23.78",,,,,"41.75146495","-87.63629560000001","POINT (-87.63629560000001 41.75146495)","DCRJT8545_2025-09-17"
"DSHWY2305","day","2026-03-31T00:00:00.000","Irving Park 3",,,,,,,,,,,,,,,,,,,"15.54","14.83","25.66","14.01","82.0","60.0","30.06","30.06",,,"65.86","65.86",,,"19.49","19.49",,,,,"41.9490356","-87.72654561437082","POINT (-87.72654561437082 41.9490356)","DSHWY2305_2026-03-31"
"DZIEF7974","day","2025-11-16T00:00:00.000","Auburn Gresham 5",,,,,,,,,,,,,,,,,,,"9.1","10.21","2.19","4.66","12.0","26.0","3.31","3.31",,,"35.35","35.35",,,"9.65","9.65",,,,,"41.739100300000004","-87.67021444445066","POINT (-87.67021444445066 41.739100300000004)","DZIEF7974_2025-11-16"
"DWCTD3003","day","2026-01-14T00:00:00.000","East Side 4",,,,,,,,,,,,,,,,,,,"16.65","14.71","4.59","4.15","25.0","23.0","4.45","4.45",,,"68.35","68.35",,,"1.75","1.75",,,,,"41.68755215","-87.53597050294346","POINT (-87.53597050294346 41.68755215)","DWCTD3003_2026-01-14"
"DDZMI3291","day","2026-06-16T00:00:00.000","Lower West Side 5",,,,,,,,,,,,,,,,,,,"8.12","9.74","1.68","4.48","9.0","24.0","4.19","4.19",,,"47.5","47.5",,,"22.35","22.35",,,,,"41.84077025","-87.6863176523946","POINT (-87.6863176523946 41.84077025)","DDZMI3291_2026-06-16"
"DVNGV1890","day","2026-08-02T00:00:00.000","Roseland 2",,,,,,,,,,,,,,,,,,,"10.58","9.43","20.31","12.17","72.0","57.0","27.1","27.1",,,"78.82","78.82",,,"22.95","22.95",,,,,"41.71389143635448","-87.61998237196052","POINT (-87.61998237196052 41.71389143635448)","DVNGV1890_2026-08-02"
"DSKDX3738","day","2025-10-09T00:00:00.000","Armour Square 3",,,,,,,,,,,,,,,,,,,"19.89","16.74","5.27","5.39","29.0","29.0","6.21","6.21",,,"54.51","54.51",,,"14.95","14.95",,,,,"41.828308899999996","-87.63464506377693","POINT (-87.63464506377693 41.828308899999996)","DSKDX3738_2025-10-09"
"DYWWS0378","day","2026-08-30T00:00:00.000","Uptown 4",,,,,,,,,,,,,,,,,,,"8.95","13.02","18.9","12.05","69.0","56.0","24.9","24.9",,,"62.19","62.19",,,"25.42","25.42",,,,,"41.96225355","-87.67205436320755","POINT (-87.67205436320755 41.96225355)","DYWWS0378_2026-08-30"
"DNBKU3560","day","2025-10-13T00:00:00.000","West Englewood 1",,,,,,,,,,,,,,,,,,,"21.31","18.04","17.23","10.16","66.0","53.0","21.07","21.07",,,"66.51","66.51",,,"17.01","17.01",,,,,"41.78978595","-87.6695977816758","POINT (-87.6695977816758 41.78978595)","DNBKU3560_2025-10-13"
"DIBVR6629","day","2026-06-18T00:00:00.000","Beverly 2",,,,,,,,,,,,,,,,,,,"10.8","12.56","6.46","5.25","36.0","29.0","10.64","10.64",,,"65.29","65.29",,,"21.54","21.54",,,,,"41.719080149999996","-87.67444563166188","POINT (-87.67444563166188 41.719080149999996)","DIBVR6629_2026-06-18"
"DZTFU6199","day","2026-05-27T00:00:00.000","Ashburn 7",,,,,,,,,,,,,,,,,,,"17.94","18.28","14.69","10.57","61.0","54.0","20.21","20.21",,,"47.85","47.85",,,"25.28","25.28",,,,,"41.73968055","-87.72068312694724","POINT (-87.72068312694724 41.73968055)","DZTFU6199_2026-05-27"
"DAJHM7956","day","2026-01-17T00:00:00.000","South Chicago 3",,,,,,,,,,,,,,,,,,,"13.49","10.06","7.17","6.23","39.0","34.0","4.51","4.51",,,"55.99","55.99",,,"-5.38","-5.38",,,,,"41.73775017864213","-87.53549803584423","POINT (-87.53549803584423 41.73775017864213)","DAJHM7956_2026-01-17"
"DBZCJ6205","day","2025-10-07T00:00:00.000","Auburn Gresham 3",,,,,,,,,,,,,,,,,,,"22.81","15.2","7.48","6.61","41.0","37.0","12.61","12.61",,,"76.66","76.66",,,"18.94","18.94",,,,,"41.73924395","-87.63654310138114","POINT (-87.63654310138114 41.73924395)","DBZCJ6205_2025-10-07"
"DHZTI7858","day","2025-10-11T00:00:00.000","Pullman 1",,,,,,,,,,,,,,,,,,,"29.14","15.02","6.66","5.36","37.0","29.0","8.1","8.1",,,"61.87","61.87",,,"17.6","17.6",,,,,"41.71416735","-87.60386913020682","POINT (-87.60386913020682 41.71416735)","DHZTI7858_2025-10-11"
"DLTCH1397","day","2026-01-16T00:00:00.000","Woodlawn 2",,,,,,,,,,,,,,,,,,,"13.36","12.88","15.82","7.09","63.0","39.0","9.22","9.22",,,"72.77","72.77",,,"-1.78","-1.78",,,,,"41.77677010295759","-87.58579570605767","POINT (-87.58579570605767 41.77677010295759)","DLTCH1397_2026-01-16"
"DQGPJ5322","day","2026-05-30T00:00:00.000","Beverly 5",,,,,,,,,,,,,,,,,,,"15.19","12.09","14.12","10.29","60.0","53.0","22.25","22.25",,,"52.69","52.69",,,"20.77","20.77",,,,,"41.702660249999994","-87.69255586271339","POINT (-87.69255586271339 41.702660249999994)","DQGPJ5322_2026-05-30"
"DEVFQ3796","day","2026-09-17T00:00:00.000","Austin 3",,,,,,,,,,,,,,,,,,,"19.43","15.13","16.73","9.7","65.0","52.0","21.7","21.7",,,"80.19","80.19",,,"23.06","23.06",,,,,"41.8911473","-87.75274756009728","POINT (-87.75274756009728 41.8911473)","DEVFQ3796_2026-09-17"
"DVPZF1960","day","2026-04-05T00:00:00.000","Near West Side 4",,,,,,,,,,,,,,,,,,,"15.77","15.59","5.32","6.46","29.0","36.0","6.11","6.11",,,"54.58","54.58",,,"7.06","7.06",,,,,"41.86523824401148","-87.6352269900566","POINT (-87.6352269900566 41.86523824401148)","DVPZF1960_2026-04-05"
"DMVDY6300","day","2026-08-30T00:00:00.000","McKinley Park 1",,,,,,,,,,,,,,,,,,,"17.06","15.72","21.0","12.91","73.0","58.0","29.27","29.27",,,"65.35","65.35",,,"25.17","25.17",,,,,"41.82770135","-87.68592075050194","POINT (-87.68592075050194 41.82770135)","DMVDY6300_2026-08-30"
"DIFPQ7419","day","2025-09-19T00:00:00.000","Avondale 2",,,,,,,,,,,,,,,,,,,"19.34","16.16","22.17","13.3","75.0","59.0","29.36","29.36",,,"59.86","59.86",,,"25.64","25.64",,,,,"41.93555175","-87.6910915509286","POINT (-87.6910915509286 41.93555175)","DIFPQ7419_2025-09-19"
"DCZQF3538","day","2025-09-16T00:00:00.000","Lower West Side 2",,,,,,,,,,,,,,,,,,,"13.17","18.08","20.39","12.69","72.0","58.0","24.51","24.51",,,"53.13","53.13",,,"24.7","24.7",,,,,"41.85298145","-87.66905187486446","POINT (-87.66905187486446 41.85298145)","DCZQF3538_2025-09-16"
"DLZBV6061","day","2025-12-13T00:00:00.000","Auburn Gresham 4",,,,,,,,,,,,,,,,,,,"10.28","12.15","25.8","12.77","82.0","58.0","14.03","14.03",,,"63.02","63.02",,,"-7.19","-7.19",,,,,"41.7392967","-87.65309402456438","POINT (-87.65309402456438 41.7392967)","DLZBV6061_2025-12-13"
"DHWLS6819","day","2025-12-14T00:00:00.000","West Pullman 5",,,,,,,,,,,,,,,,,,,"11.71","13.41","7.48","6.19","41.0","34.0","3.85","3.85",,,"57.23","57.23",,,"-13.89","-13.89",,,,,"41.6635518","-87.63755419774877","POINT (-87.63755419774877 41.6635518)","DHWLS6819_2025-12-14"
"DRCQU4244","day","2026-01-13T00:00:00.000","Roseland 5",,,,,,,,,,,,,,,,,,,"18.7","15.98","15.52","9.68","63.0","52.0","15.12","15.12",,,"68.95","68.95",,,"4.82","4.82",,,,,"41.688699041017024","-87.63708150083987","POINT (-87.63708150083987 41.688699041017024)","DRCQU4244_2026-01-13"
"DWFRI5691","day","2026-04-01T00:00:00.000","Humboldt Park 1",,,,,,,,,,,,,,,,,,,"16.05","9.74","8.31","5.12","46.0","28.0","7.48","7.48",,,"73.39","73.39",,,"4.9","4.9",,,,,"41.9036584","-87.73599568710452","POINT (-87.73599568710452 41.9036584)","DWFRI5691_2026-04-01"
"DQVFE3070","day","2025-10-07T00:00:00.000","Englewood 4",,,,,,,,,,,,,,,,,,,,,"8.1","5.69","45.0","31.0","11.32","11.32",,,"77.79","77.79",,,"18.64","18.64",,,,,"41.764384199999995","-87.6361524558499","POINT (-87.6361524558499 41.764384199999995)","DQVFE3070_2025-10-07"
"DPMWW4120","day","2026-04-01T00:00:00.000","Garfield Ridge 3",,,,,,,,,,,,,,,,,,,"15.49","9.03","9.97","5.25","52.0","29.0","7.88","7.88",,,"78.04","78.04",,,"4.85","4.85",,,,,"41.7872597","-87.78189702338281","POINT (-87.78189702338281 41.7872597)","DPMWW4120_2026-04-01"
"DVPZF1960","day","2026-06-01T00:00:00.000","Near West Side 4",,,,,,,,,,,,,,,,,,,"18.63","21.85","3.1","5.46","17.0","30.0","5.49","5.49",,,"47.24","47.24",,,"18.48","18.48",,,,,"41.86523824401148","-87.6352269900566","POINT (-87.6352269900566 41.86523824401148)","DVPZF1960_2026-06-01"
"DUBCZ6179","day","2025-11-19T00:00:00.000","Humboldt Park 5",,,,,,,,,,,,,,,,,,,"16.56","13.81","37.16","13.75","105.0","60.0","25.83","25.83",,,"78.18","78.18",,,"7.08","7.08",,,,,"41.8910837","-87.73674123708031","POINT (-87.73674123708031 41.8910837)","DUBCZ6179_2025-11-19"
"DWTBM7891","day","2025-09-22T00:00:00.000","Woodlawn 1",,,,,,,,,,,,,,,,,,,"8.6","12.77","9.65","7.61","52.0","42.0","16.02","16.02",,,"65.2","65.2",,,"24.08","24.08",,,,,"41.77673266666667","-87.60245566666666","POINT (-87.60245566666666 41.77673266666667)","DWTBM7891_2025-09-22"
"DKISS7174","day","2026-04-03T00:00:00.000","West Elsdon 2",,,,,,,,,,,,,,,,,,,"12.85","11.9","8.23","6.27","46.0","34.0","9.47","9.47",,,"73.21","73.21",,,"13.39","13.39",,,,,"41.7898683","-87.72002286796209","POINT (-87.72002286796209 41.7898683)","DKISS7174_2026-04-03"
"DXHYE9278","day","2025-10-14T00:00:00.000","Hegewisch 5",,,,,,,,,,,,,,,,,,,"17.94","15.92","36.97","16.95","104.0","66.0","41.1","41.1",,,"75.0","75.0",,,"18.92","18.92",,,,,"41.64887855","-87.56940151087389","POINT (-87.56940151087389 41.64887855)","DXHYE9278_2025-10-14"
"DRUBP9408","day","2025-09-22T00:00:00.000","South Deering 2",,,,,,,,,,,,,,,,,,,"6.4","13.18","13.85","7.53","60.0","42.0","15.88","15.88",,,"70.41","70.41",,,"23.29","23.29",,,,,"41.71346153849869","-87.55271837532699","POINT (-87.55271837532699 41.71346153849869)","DRUBP9408_2025-09-22"
"DMKJB8675","day","2026-07-21T00:00:00.000","Avalon Park 3",,,,,,,,,,,,,,,,,,,"6.97","11.26","35.58","20.04","101.0","71.0","45.65","45.65",,,"62.25","62.25",,,"28.14","28.14",,,,,"41.73896995","-87.58611561643349","POINT (-87.58611561643349 41.73896995)","DMKJB8675_2026-07-21"
"DHSIJ5379","day","2026-05-31T00:00:00.000","Washington Heights 1",,,,,,,,,,,,,,,,,,,"11.87","11.35","3.1","5.43","17.0","30.0","5.83","5.83",,,"49.35","49.35",,,"19.12","19.12",,,,,"41.72668335","-87.6533731","POINT (-87.6533731 41.72668335)","DHSIJ5379_2026-05-31"
"DPQLM7176","day","2025-10-10T00:00:00.000","Lake View 1",,,,,,,,,,,,,,,,,,,"16.41","15.17","7.9","7.05","44.0","39.0","9.89","9.89",,,"51.42","51.42",,,"16.37","16.37",,,,,"41.9486371","-87.67224304234162","POINT (-87.67224304234162 41.9486371)","DPQLM7176_2025-10-10"
"DNBEB5545","day","2025-11-20T00:00:00.000","Hermosa 1",,,,,,,,,,,,,,,,,,,"19.6","15.49","53.47","27.39","145.0","85.0","41.99","41.99",,,"79.61","79.61",,,"7.68","7.68",,,,,"41.928697400000004","-87.73569501672739","POINT (-87.73569501672739 41.928697400000004)","DNBEB5545_2025-11-20"
"DNBKU3560","day","2025-09-09T00:00:00.000","West Englewood 1",,,,,,,,,,,,,,,,,,,"15.58","15.24","8.27","7.08","46.0","39.0","10.36","10.36",,,"50.8","50.8",,,"18.72","18.72",,,,,"41.78978595","-87.6695977816758","POINT (-87.6695977816758 41.78978595)","DNBKU3560_2025-09-09"
"DAWAP1896","day","2026-01-15T00:00:00.000","Greater Grand Crossing 5",,,,,,,,,,,,,,,,,,,"16.3","14.53","2.87","4.27","16.0","23.0","2.39","2.39",,,"57.9","57.9",,,"-5.39","-5.39",,,,,"41.7516673","-87.61940269812234","POINT (-87.61940269812234 41.7516673)","DAWAP1896_2026-01-15"
"DXWXZ1902","day","2026-01-15T00:00:00.000","South Deering 1",,,,,,,,,,,,,,,,,,,"7.42","14.46","2.96","4.15","16.0","23.0","2.06","2.06",,,"58.46","58.46",,,"-5.96","-5.96",,,,,"41.71372895","-87.56962240593828","POINT (-87.56962240593828 41.71372895)","DXWXZ1902_2026-01-15"
"DLIKU5639","day","2026-08-16T00:00:00.000","O'Hare 3",,,,,,,,,,,,,,,,,,,"10.74","10.3","9.44","5.53","52.0","31.0","13.5","13.5",,,"80.78","80.78",,,"26.93","26.93",,,,,"41.950080347637595","-87.85424652587339","POINT (-87.85424652587339 41.950080347637595)","DLIKU5639_2026-08-16"
"DITUM6528","day","2025-09-17T00:00:00.000","Near West Side 1",,,,,,,,,,,,,,,,,,,"14.23","16.33","22.58","13.74","76.0","60.0","28.85","28.85",,,"56.14","56.14",,,"24.72","24.72",,,,,"41.878339049999994","-87.68552865180365","POINT (-87.68552865180365 41.878339049999994)","DITUM6528_2025-09-17"
"DGHRH9009","day","2026-01-15T00:00:00.000","Gage Park 1",,,,,,,,,,,,,,,,,,,"23.06","21.47","1.76","3.6","9.0","20.0","1.22","1.22",,,"57.16","57.16",,,"-5.81","-5.81",,,,,"41.8029067","-87.70321051434516","POINT (-87.70321051434516 41.8029067)","DGHRH9009_2026-01-15"
"DIWYY0447","day","2026-06-17T00:00:00.000","West Ridge 4",,,,,,,,,,,,,,,,,,,"28.53","22.08","7.32","5.73","41.0","32.0","10.72","10.72",,,"64.76","64.76",,,"18.52","18.52",,,,,"41.989670700000005","-87.69002591530548","POINT (-87.69002591530548 41.989670700000005)","DIWYY0447_2026-06-17"
"DHZTI7858","day","2026-09-05T00:00:00.000","Pullman 1",,,,,,,,,,,,,,,,,,,"32.39","17.87","15.36","9.39","63.0","51.0","21.47","21.47",,,"67.23","67.23",,,"28.81","28.81",,,,,"41.71416735","-87.60386913020682","POINT (-87.60386913020682 41.71416735)","DHZTI7858_2026-09-05"
"DAWAP1896","day","2025-09-13T00:00:00.000","Greater Grand Crossing 5",,,,,,,,,,,,,,,,,,,"14.96","14.81","22.77","13.45","76.0","59.0","30.97","30.97",,,"61.71","61.71",,,"22.9","22.9",,,,,"41.7516673","-87.61940269812234","POINT (-87.61940269812234 41.7516673)","DAWAP1896_2025-09-13"
"DQJDZ1252","day","2025-09-19T00:00:00.000","West Pullman 1",,,,,,,,,,,,,,,,,,,"15.32","20.88","27.26","14.91","85.0","62.0","29.66","29.66",,,"59.28","59.28",,,"24.59","24.59",,,,,"41.67590428555132","-87.6540277876164","POINT (-87.6540277876164 41.67590428555132)","DQJDZ1252_2025-09-19"
"DMYYS7663","day","2026-04-01T00:00:00.000","Englewood 6",,,,,,,,,,,,,,,,,,,"20.34","10.49","7.57","5.84","42.0","32.0","7.09","7.09",,,"77.99","77.99",,,"4.6","4.6",,,,,"41.777062099999995","-87.652929447617","POINT (-87.652929447617 41.777062099999995)","DMYYS7663_2026-04-01"
"DWMUZ3935","day","2026-01-14T00:00:00.000","Lincoln Square 2",,,,,,,,,,,,,,,,,,,"11.67","10.9","2.55","4.65","14.0","26.0","3.77","3.77",,,"67.41","67.41",,,"1.82","1.82",,,,,"41.962318350000004","-87.69021417611607","POINT (-87.69021417611607 41.962318350000004)","DWMUZ3935_2026-01-14"
"DMMRS6981","day","2026-06-17T00:00:00.000","Forest Glen 1",,,,,,,,,,,,,,,,,,,"17.91","14.43","5.05","5.4","28.0","30.0","9.36","9.36",,,"68.68","68.68",,,"17.73","17.73",,,,,"42.00388875","-87.78008329520102","POINT (-87.78008329520102 42.00388875)","DMMRS6981_2026-06-17"
"DAUPG9028","day","2026-06-19T00:00:00.000","Portage Park 2",,,,,,,,,,,,,,,,,,,"6.08","12.29","2.21","4.75","12.0","26.0","5.97","5.97",,,"47.67","47.67",,,"23.47","23.47",,,,,"41.9627009","-87.76268011146504","POINT (-87.76268011146504 41.9627009)","DAUPG9028_2026-06-19"
"DBLXJ4454","day","2026-01-13T00:00:00.000","New City 5",,,,,,,,,,,,,,,,,,,"24.84","22.65","17.66","9.46","67.0","52.0","14.13","14.13",,,"68.73","68.73",,,"4.93","4.93",,,,,"41.802394199999995","-87.66940364304637","POINT (-87.66940364304637 41.802394199999995)","DBLXJ4454_2026-01-13"
"DLIKU5639","day","2026-01-15T00:00:00.000","O'Hare 3",,,,,,,,,,,,,,,,,,,"14.16","11.23","2.34","3.75","13.0","21.0","1.76","1.76",,,"59.71","59.71",,,"-6.84","-6.84",,,,,"41.950080347637595","-87.85424652587339","POINT (-87.85424652587339 41.950080347637595)","DLIKU5639_2026-01-15"
"DFIBC1899","day","2025-11-21T00:00:00.000","South Deering 7","996.0","996.0",,,,,,,,,,,,,,,,,"19.9","17.0","41.39","18.46","115.0","68.0","33.87","33.87","83.7","83.7","72.2","72.2","8.1","8.1","10.47","10.47","343.35","343.35","0.47","0.47","41.66442141105966","-87.58654247521171","POINT (-87.58654247521171 41.66442141105966)","DFIBC1899_2025-11-21"
"DITUY8368","day","2026-04-02T00:00:00.000","West Ridge 5",,,,,,,,,,,,,,,,,,,"10.79","9.01","30.93","11.41","92.0","55.0","25.77","25.77",,,"86.64","86.64",,,"8.69","8.69",,,,,"41.989107849999996","-87.7079485114359","POINT (-87.7079485114359 41.989107849999996)","DITUY8368_2026-04-02"
"DBTKW5792","day","2026-04-05T00:00:00.000","Austin 8",,,,,,,,,,,,,,,,,,,"7.45","8.8","4.99","5.23","27.0","29.0","5.02","5.02",,,"54.89","54.89",,,"7.33","7.33",,,,,"41.8912125","-87.76984190347045","POINT (-87.76984190347045 41.8912125)","DBTKW5792_2026-04-05"
"DSZQR8376","day","2026-07-25T00:00:00.000","Hegewisch 1",,,,,,,,,,,,,,,,,,,"9.97","10.4","18.16","10.37","68.0","53.0","21.74","21.74",,,"65.12","65.12",,,"22.51","22.51",,,,,"41.675190108549614","-87.53588600367534","POINT (-87.53588600367534 41.675190108549614)","DSZQR8376_2026-07-25"
"DIVZD0266","day","2025-11-21T00:00:00.000","Archer Heights 1",,,,,,,,,,,,,,,,,,,"20.02","17.11","40.68","19.65","114.0","71.0","37.13","37.13",,,"76.21","76.21",,,"8.89","8.89",,,,,"41.815591850000004","-87.73627709500252","POINT (-87.73627709500252 41.815591850000004)","DIVZD0266_2025-11-21"
"DYZXT2661","day","2025-10-08T00:00:00.000","Washington Park 1",,,,,,,,,,,,,,,,,,,"16.21","16.12","9.37","6.1","51.0","34.0","10.49","10.49",,,"66.14","66.14",,,"14.66","14.66",,,,,"41.79001015","-87.61876673065636","POINT (-87.61876673065636 41.79001015)","DYZXT2661_2025-10-08"
"DWZRL1539","day","2025-10-08T00:00:00.000","Hermosa 2",,,,,,,,,,,,,,,,,,,"13.93","13.73","3.31","4.79","18.0","26.0","5.25","5.25",,,"62.17","62.17",,,"14.86","14.86",,,,,"41.916261","-87.73604474675119","POINT (-87.73604474675119 41.916261)","DWZRL1539_2025-10-08"
"DMVDY6300","day","2026-04-04T00:00:00.000","McKinley Park 1",,,,,,,,,,,,,,,,,,,"17.34","12.94","18.5","9.0","69.0","50.0","17.29","17.29",,,"82.4","82.4",,,"8.66","8.66",,,,,"41.82770135","-87.68592075050194","POINT (-87.68592075050194 41.82770135)","DMVDY6300_2026-04-04"
"DERZJ4600","day","2025-10-11T00:00:00.000","Rogers Park 1",,,,,,,,,,,,,,,,,,,"13.91","11.33","5.79","5.76","32.0","32.0","8.47","8.47",,,"64.66","64.66",,,"16.76","16.76",,,,,"42.0162268","-87.6715525592391","POINT (-87.6715525592391 42.0162268)","DERZJ4600_2025-10-11"
"DFKYP0941","day","2026-09-05T00:00:00.000","Lincoln Park 2",,,,,,,,,,,,,,,,,,,"15.49","11.47","10.1","5.86","53.0","32.0","12.8","12.8",,,"77.73","77.73",,,"26.42","26.42",,,,,"41.92145185","-87.63691042803572","POINT (-87.63691042803572 41.92145185)","DFKYP0941_2026-09-05"
"DBDSX9338","day","2025-11-13T00:00:00.000","South Shore 2",,,,,,,,,,,,,,,,,,,"18.84","20.67","5.94","7.3","33.0","41.0","7.16","7.16",,,"53.18","53.18",,,"8.1","8.1",,,,,"41.76396055","-87.56920031233949","POINT (-87.56920031233949 41.76396055)","DBDSX9338_2025-11-13"
"DTVYY1142","day","2025-10-09T00:00:00.000","Lower West Side 3",,,,,,,,,,,,,,,,,,,"14.69","14.55","4.26","5.39","23.0","29.0","5.51","5.51",,,"55.65","55.65",,,"14.36","14.36",,,,,"41.85322215","-87.65232092746314","POINT (-87.65232092746314 41.85322215)","DTVYY1142_2025-10-09"
"DFAKZ8204","day","2026-03-31T00:00:00.000","New City 4",,,,,,,,,,,,,,,,,,,"10.66","12.35","29.36","14.94","89.0","62.0","34.55","34.55",,,"68.64","68.64",,,"19.04","19.04",,,,,"41.802323","-87.65289447500001","POINT (-87.65289447500001 41.802323)","DFAKZ8204_2026-03-31"
"DDLSL3066","day","2026-01-15T00:00:00.000","West Town 2",,,,,,,,,,,,,,,,,,,"5.15","11.79","1.15","4.79","6.0","26.0","1.94","1.94",,,"60.02","60.02",,,"-6.11","-6.11",,,,,"41.908187749999996","-87.6727799988757","POINT (-87.6727799988757 41.908187749999996)","DDLSL3066_2026-01-15"
"DCHTB8281","day","2025-10-07T00:00:00.000","Morgan Park 2",,,,,,,,,,,,,,,,,,,"22.98","14.64","10.81","6.07","54.0","33.0","13.66","13.66",,,"75.52","75.52",,,"19.35","19.35",,,,,"41.689594850000006","-87.65379678317397","POINT (-87.65379678317397 41.689594850000006)","DCHTB8281_2025-10-07"
"DCQTB2627","day","2026-06-01T00:00:00.000","Jefferson Park 2",,,,,,,,,,,,,,,,,,,"9.62","9.9","5.36","5.94","29.0","33.0","9.2","9.2",,,"54.31","54.31",,,"18.34","18.34",,,,,"41.976053300000004","-87.76267965049084","POINT (-87.76267965049084 41.976053300000004)","DCQTB2627_2026-06-01"
"DWBTT8209","day","2025-09-09T00:00:00.000","Edison Park 1",,,,,,,,,,,,,,,,,,,"10.45","11.78","6.46","7.51","36.0","42.0","12.02","12.02",,,"49.73","49.73",,,"18.6","18.6",,,,,"42.017003","-87.816509","POINT (-87.816509 42.017003)","DWBTT8209_2025-09-09"
"DGZUS1041","day","2026-04-05T00:00:00.000","East Side 1",,,,,,,,,,,,,,,,,,,"10.71","10.7","4.6","4.97","26.0","27.0","4.88","4.88",,,"56.58","56.58",,,"7.4","7.4",,,,,"41.726048000000006","-87.53635402286871","POINT (-87.53635402286871 41.726048000000006)","DGZUS1041_2026-04-05"
"DAMWS8859","day","2025-12-14T00:00:00.000","North Lawndale 2",,,,,,,,,,,,,,,,,,,"11.92","14.99","6.08","7.15","33.0","39.0","4.37","4.37",,,"56.63","56.63",,,"-13.81","-13.81",,,,,"41.865807399999994","-87.71918399847682","POINT (-87.71918399847682 41.865807399999994)","DAMWS8859_2025-12-14"
"DGTDZ6242","day","2026-04-03T00:00:00.000","Forest Glen 3",,,,,,,,,,,,,,,,,,,"12.23","14.45","6.85","5.48","38.0","30.0","8.75","8.75",,,"75.35","75.35",,,"12.69","12.69",,,,,"41.98958085","-87.74435264432117","POINT (-87.74435264432117 41.98958085)","DGTDZ6242_2026-04-03"
"DDHVZ6546","day","2025-09-22T00:00:00.000","Near West Side 5",,,,,,,,,,,,,,,,,,,"8.44","13.2","13.74","8.12","60.0","45.0","15.8","15.8",,,"64.58","64.58",,,"23.97","23.97",,,,,"41.86559955","-87.65178513039949","POINT (-87.65178513039949 41.86559955)","DDHVZ6546_2025-09-22"
"DFVRF7063","day","2026-03-29T00:00:00.000","Austin 2",,,,,,,,,,,,,,,,,,,"12.02","14.42","17.29","12.34","66.0","57.0","16.34","16.34",,,"42.11","42.11",,,"11.41","11.41",,,,,"41.90386395","-87.75296686301743","POINT (-87.75296686301743 41.90386395)","DFVRF7063_2026-03-29"
"DFIBC1899","day","2025-11-16T00:00:00.000","South Deering 7","989.0","989.0",,,,,,,,,,,,,,,,,"13.22","13.17","2.72","5.04","15.0","28.0","3.5","3.5","36.6","36.6","31.84","31.84","9.4","9.4","11.54","11.54","313.3","313.3","3.34","3.34","41.66442141105966","-87.58654247521171","POINT (-87.58654247521171 41.66442141105966)","DFIBC1899_2025-11-16"
"DBIZF0451","day","2026-07-25T00:00:00.000","West Pullman 2",,,,,,,,,,,,,,,,,,,"16.6","15.3","20.25","11.43","72.0","55.0","23.41","23.41",,,"62.59","62.59",,,"23.3","23.3",,,,,"41.6758357","-87.63729348709609","POINT (-87.63729348709609 41.6758357)","DBIZF0451_2026-07-25"
"DZBKX0961","day","2026-08-30T00:00:00.000","Kenwood 1",,,,,,,,,,,,,,,,,,,"13.56","11.93","19.86","11.87","71.0","56.0","27.56","27.56",,,"67.99","67.99",,,"24.75","24.75",,,,,"41.8130536","-87.60098186266059","POINT (-87.60098186266059 41.8130536)","DZBKX0961_2026-08-30"
"DQAJZ3770","day","2025-11-17T00:00:00.000","Logan Square 2",,,,,,,,,,,,,,,,,,,"12.29","15.46","4.11","6.92","23.0","38.0","5.25","5.25",,,"42.55","42.55",,,"5.82","5.82",,,,,"41.92201145","-87.67250156057692","POINT (-87.67250156057692 41.92201145)","DQAJZ3770_2025-11-17"
"DFFDA0268","day","2025-11-15T00:00:00.000","Near West Side 3",,,,,,,,,,,,,,,,,,,"13.15","15.05","20.69","11.65","72.0","56.0","27.86","27.86",,,"66.47","66.47",,,"18.07","18.07",,,,,"41.8811335","-87.654831","POINT (-87.654831 41.8811335)","DFFDA0268_2025-11-15"
"DXUQX7513","day","2026-07-25T00:00:00.000","Ashburn 8",,,,,,,,,,,,,,,,,,,"11.73","13.23",,,,,,,,,"61.18","61.18",,,"23.5","23.5",,,,,"41.73966255","-87.73740646471919","POINT (-87.73740646471919 41.73966255)","DXUQX7513_2026-07-25"
"DIHMX0551","day","2026-04-02T00:00:00.000","Humboldt Park 3",,,,,,,,,,,,,,,,,,,"14.07","14.64","26.65","13.48","84.0","59.0","23.25","23.25",,,"83.44","83.44",,,"9.66","9.66",,,,,"41.891075","-87.70279956945122","POINT (-87.70279956945122 41.891075)","DIHMX0551_2026-04-02"
"DCFVE7122","day","2025-11-13T00:00:00.000","New City 3",,,,,,,,,,,,,,,,,,,"16.01","30.16","10.24","8.93","53.0","49.0","10.51","10.51",,,"50.86","50.86",,,"9.08","9.08",,,,,"41.801765700000004","-87.63592810040294","POINT (-87.63592810040294 41.801765700000004)","DCFVE7122_2025-11-13"
"DCAFN1583","day","2026-08-26T00:00:00.000","South Lawndale 5",,,,,,,,,,,,,,,,,,,"21.1","17.97","16.83","11.8","65.0","56.0","22.18","22.18",,,"55.15","55.15",,,"26.19","26.19",,,,,"41.827545400000005","-87.73584967759197","POINT (-87.73584967759197 41.827545400000005)","DCAFN1583_2026-08-26"
"DYRMT9480","day","2025-12-15T00:00:00.000","West Ridge 2",,,,,,,,,,,,,,,,,,,"16.79","18.36","14.27","9.0","61.0","50.0","9.23","9.23",,,"58.61","58.61",,,"-10.79","-10.79",,,,,"42.01638365","-87.68983284925712","POINT (-87.68983284925712 42.01638365)","DYRMT9480_2025-12-15"
"DCZQF3538","day","2026-01-15T00:00:00.000","Lower West Side 2",,,,,,,,,,,,,,,,,,,"13.54","14.06","2.7","4.21","15.0","23.0","1.96","1.96",,,"55.9","55.9",,,"-5.29","-5.29",,,,,"41.85298145","-87.66905187486446","POINT (-87.66905187486446 41.85298145)","DCZQF3538_2026-01-15"
"DJGDZ3688","day","2026-07-25T00:00:00.000","Roseland 3",,,,,,,,,,,,,,,,,,,"14.79","13.12","15.81","10.83","63.0","54.0","22.43","22.43",,,"62.17","62.17",,,"23.39","23.39",,,,,"41.70133845","-87.61992013972267","POINT (-87.61992013972267 41.70133845)","DJGDZ3688_2026-07-25"
"DHBBM8531","day","2026-01-13T00:00:00.000","Garfield Ridge 1",,,,,,,,,,,,,,,,,,,"22.84","20.83","18.16","9.48","68.0","52.0","15.29","15.29",,,"68.4","68.4",,,"4.96","4.96",,,,,"41.7997122","-87.7531658","POINT (-87.7531658 41.7997122)","DHBBM8531_2026-01-13"
"DIBVR6629","day","2026-05-28T00:00:00.000","Beverly 2",,,,,,,,,,,,,,,,,,,"13.11","12.36","6.85","6.59","38.0","36.0","10.56","10.56",,,"51.2","51.2",,,"19.6","19.6",,,,,"41.719080149999996","-87.67444563166188","POINT (-87.67444563166188 41.719080149999996)","DIBVR6629_2026-05-28"
"DAEXF8484","day","2025-12-14T00:00:00.000","Mount Greenwood 1",,,,,,,,,,,,,,,,,,,"6.12","11.25","6.72","7.72","37.0","43.0","4.91","4.91",,,"56.37","56.37",,,"-14.18","-14.18",,,,,"41.70576455","-87.710860211544","POINT (-87.710860211544 41.70576455)","DAEXF8484_2025-12-14"
"DMFEL5431","day","2026-09-17T00:00:00.000","Garfield Ridge 4",,,,,,,,,,,,,,,,,,,"26.64","18.61","14.81","8.85","62.0","49.0","22.19","22.19",,,"80.28","80.28",,,"23.59","23.59",,,,,"41.787349199999994","-87.80034666308356","POINT (-87.80034666308356 41.787349199999994)","DMFEL5431_2026-09-17"
"DALBP5360","day","2026-04-02T00:00:00.000","Beverly 4",,,,,,,,,,,,,,,,,,,"15.06","10.95","25.73","10.78","82.0","54.0","19.99","19.99",,,"83.69","83.69",,,"10.08","10.08",,,,,"41.70569725","-87.67464569624644","POINT (-87.67464569624644 41.70569725)","DALBP5360_2026-04-02"
"DUGYZ8163","day","2026-01-13T00:00:00.000","Ashburn 4",,,,,,,,,,,,,,,,,,,"12.05","13.98","16.09","8.02","64.0","44.0","11.19","11.19",,,"68.77","68.77",,,"4.75","4.75",,,,,"41.7524136","-87.68538850711178","POINT (-87.68538850711178 41.7524136)","DUGYZ8163_2026-01-13"
"DBMHJ0743","day","2025-10-11T00:00:00.000","Archer Heights 4",,,,,,,,,,,,,,,,,,,"18.06","12.41","8.64","6.13","48.0","34.0","11.27","11.27",,,"64.65","64.65",,,"16.78","16.78",,,,,"41.802709500000006","-87.7373057324682","POINT (-87.7373057324682 41.802709500000006)","DBMHJ0743_2025-10-11"
"DFVRF7063","day","2026-06-19T00:00:00.000","Austin 2",,,,,,,,,,,,,,,,,,,"14.29","16.11","4.18","5.01","23.0","28.0","6.76","6.76",,,"49.92","49.92",,,"22.45","22.45",,,,,"41.90386395","-87.75296686301743","POINT (-87.75296686301743 41.90386395)","DFVRF7063_2026-06-19"
"DFVRF7063","day","2025-10-09T00:00:00.000","Austin 2",,,,,,,,,,,,,,,,,,,"16.48","15.29","6.53","5.59","36.0","31.0","7.13","7.13",,,"57.7","57.7",,,"13.8","13.8",,,,,"41.90386395","-87.75296686301743","POINT (-87.75296686301743 41.90386395)","DFVRF7063_2025-10-09"
"DVRBW4874","day","2026-06-18T00:00:00.000","Logan Square 1",,,,,,,,,,,,,,,,,,,"6.76","12.45","5.1","4.78","28.0","26.0","8.56","8.56",,,"62.82","62.82",,,"21.59","21.59",,,,,"41.92963275","-87.71893702781998","POINT (-87.71893702781998 41.92963275)","DVRBW4874_2026-06-18"
"DFMDU1576","day","2026-05-30T00:00:00.000","Greater Grand Crossing 1",,,,,,,,,,,,,,,,,,,"13.32","15.39","14.31","10.54","61.0","54.0","20.1","20.1",,,"54.07","54.07",,,"20.67","20.67",,,,,"41.7770346","-87.61823783345807","POINT (-87.61823783345807 41.7770346)","DFMDU1576_2026-05-30"
"DVWMK9661","day","2026-08-02T00:00:00.000","Humboldt Park 4",,,,,,,,,,,,,,,,,,,"10.22","10.14","25.12","11.81","81.0","56.0","31.01","31.01",,,"77.74","77.74",,,"22.82","22.82",,,,,"41.89083265","-87.71959863710754","POINT (-87.71959863710754 41.89083265)","DVWMK9661_2026-08-02"
"DMMRS6981","day","2026-04-03T00:00:00.000","Forest Glen 1",,,,,,,,,,,,,,,,,,,"11.25","12.11","5.05","5.06","28.0","28.0","6.94","6.94",,,"72.38","72.38",,,"13.04","13.04",,,,,"42.00388875","-87.78008329520102","POINT (-87.78008329520102 42.00388875)","DMMRS6981_2026-04-03"
"DIZEF3591","day","2025-12-11T00:00:00.000","West Pullman 3",,,,,,,,,,,,,,,,,,,"9.98","12.43","14.39","8.53","61.0","47.0","10.01","10.01",,,"62.03","62.03",,,"-1.6","-1.6",,,,,"41.67596525","-87.62018065","POINT (-87.62018065 41.67596525)","DIZEF3591_2025-12-11"
"DHWLS6819","day","2025-09-12T00:00:00.000","West Pullman 5",,,,,,,,,,,,,,,,,,,"11.44","14.62","25.58","12.99","82.0","58.0","30.58","30.58",,,"65.57","65.57",,,"22.21","22.21",,,,,"41.6635518","-87.63755419774877","POINT (-87.63755419774877 41.6635518)","DHWLS6819_2025-09-12"
"DBMHJ0743","day","2026-09-17T00:00:00.000","Archer Heights 4",,,,,,,,,,,,,,,,,,,"17.36","13.43","4.47","3.58","24.0","19.0","6.62","6.62",,,"80.16","80.16",,,"23.42","23.42",,,,,"41.802709500000006","-87.7373057324682","POINT (-87.7373057324682 41.802709500000006)","DBMHJ0743_2026-09-17"
"DHBBM8531","day","2026-08-26T00:00:00.000","Garfield Ridge 1",,,,,,,,,,,,,,,,,,,"17.57","20.16","16.53","11.09","65.0","55.0","21.2","21.2",,,"54.71","54.71",,,"26.25","26.25",,,,,"41.7997122","-87.7531658","POINT (-87.7531658 41.7997122)","DHBBM8531_2026-08-26"
"DJKZD4256","day","2026-04-02T00:00:00.000","Morgan Park 3",,,,,,,,,,,,,,,,,,,"16.14","12.27","23.46","10.81","78.0","54.0","20.4","20.4",,,"83.38","83.38",,,"10.47","10.47",,,,,"41.67869235","-87.67466474951416","POINT (-87.67466474951416 41.67869235)","DJKZD4256_2026-04-02"
"DAETQ5676","day","2026-09-17T00:00:00.000","Montclare 2",,,,,,,,,,,,,,,,,,,"14.5","15.01","17.86","8.73","67.0","48.0","22.51","22.51",,,"80.34","80.34",,,"22.6","22.6",,,,,"41.922180350000005","-87.7986427254597","POINT (-87.7986427254597 41.922180350000005)","DAETQ5676_2026-09-17"
"DPBXQ5234","day","2025-12-09T00:00:00.000","North Park 2",,,,,,,,,,,,,,,,,,,"19.13","17.25","39.38","17.03","110.0","66.0","24.79","24.79",,,"71.67","71.67",,,"-1.39","-1.39",,,,,"41.9761239","-87.70826650469988","POINT (-87.70826650469988 41.9761239)","DPBXQ5234_2025-12-09"
"DNFCT5518","day","2026-06-19T00:00:00.000","Roseland 6",,,,,,,,,,,,,,,,,,,"12.26","13.12","5.37","5.36","29.0","29.0","8.76","8.76",,,"56.95","56.95",,,"21.25","21.25",,,,,"41.70134325","-87.63695104338622","POINT (-87.63695104338622 41.70134325)","DNFCT5518_2026-06-19"
"DPNPJ6846","day","2026-08-26T00:00:00.000","New City 2",,,,,,,,,,,,,,,,,,,"10.51","21.08","22.09","13.62","75.0","59.0","24.87","24.87",,,"55.09","55.09",,,"26.32","26.32",,,,,"41.81485945","-87.65156300549928","POINT (-87.65156300549928 41.81485945)","DPNPJ6846_2026-08-26"
"DFKYP0941","day","2026-04-06T00:00:00.000","Lincoln Park 2",,,,,,,,,,,,,,,,,,,"17.94","16.8","8.31","5.88","46.0","32.0","7.28","7.28",,,"59.71","59.71",,,"9.13","9.13",,,,,"41.92145185","-87.63691042803572","POINT (-87.63691042803572 41.92145185)","DFKYP0941_2026-04-06"
"DUDWN9545","day","2025-09-20T00:00:00.000","Ashburn 2",,,,,,,,,,,,,,,,,,,"17.37","15.93","27.18","16.16","85.0","64.0","36.53","36.53",,,"64.73","64.73",,,"24.29","24.29",,,,,"41.75226525","-87.72071577078817","POINT (-87.72071577078817 41.75226525)","DUDWN9545_2025-09-20"
"DAETQ5676","day","2025-10-10T00:00:00.000","Montclare 2",,,,,,,,,,,,,,,,,,,"16.26","16.56","9.79","7.43","52.0","41.0","12.55","12.55",,,"58.93","58.93",,,"14.29","14.29",,,,,"41.922180350000005","-87.7986427254597","POINT (-87.7986427254597 41.922180350000005)","DAETQ5676_2025-10-10"
"DWTBM7891","day","2026-06-18T00:00:00.000","Woodlawn 1",,,,,,,,,,,,,,,,,,,"6.89","11.43","5.56","5.59","31.0","31.0","11.4","11.4",,,"65.49","65.49",,,"21.38","21.38",,,,,"41.77673266666667","-87.60245566666666","POINT (-87.60245566666666 41.77673266666667)","DWTBM7891_2026-06-18"
"DKRXT7147","day","2026-01-14T00:00:00.000","Roseland 4",,,,,,,,,,,,,,,,,,,"7.38","10.68","2.36","4.14","13.0","23.0","3.76","3.76",,,"66.7","66.7",,,"1.83","1.83",,,,,"41.68874295","-87.62059497344643","POINT (-87.62059497344643 41.68874295)","DKRXT7147_2026-01-14"
"DRUBP9408","day","2025-10-08T00:00:00.000","South Deering 2",,,,,,,,,,,,,,,,,,,"11.14","12.07","8.13","5.25","45.0","29.0","8.0","8.0",,,"67.06","67.06",,,"14.39","14.39",,,,,"41.71346153849869","-87.55271837532699","POINT (-87.55271837532699 41.71346153849869)","DRUBP9408_2025-10-08"
"DDVZB7943","day","2025-09-19T00:00:00.000","Hyde Park 2",,,,,,,,,,,,,,,,,,,"8.6","10.47","26.28","12.56","83.0","57.0","34.19","34.19",,,"77.96","77.96",,,"22.48","22.48",,,,,"41.79954752686265","-87.58353859230832","POINT (-87.58353859230832 41.79954752686265)","DDVZB7943_2025-09-19"
"DQABT4506","day","2026-08-30T00:00:00.000","Riverdale 2",,,,,,,,,,,,,,,,,,,"14.38","13.46","24.09","12.52","79.0","57.0","27.94","27.94",,,"67.5","67.5",,,"24.65","24.65",,,,,"41.66370695","-87.6054486089225","POINT (-87.6054486089225 41.66370695)","DQABT4506_2026-08-30"
"DYWHJ8696","day","2025-10-11T00:00:00.000","Chicago Lawn 1",,,,,,,,,,,,,,,,,,,"18.19","13.63","8.09","6.19","44.0","34.0","11.15","11.15",,,"62.36","62.36",,,"17.26","17.26",,,,,"41.7773501","-87.7035278237011","POINT (-87.7035278237011 41.7773501)","DYWHJ8696_2025-10-11"
"DMVDY6300","day","2026-05-28T00:00:00.000","McKinley Park 1",,,,,,,,,,,,,,,,,,,"16.26","16.89","5.38","6.65","29.0","37.0","10.13","10.13",,,"49.68","49.68",,,"20.04","20.04",,,,,"41.82770135","-87.68592075050194","POINT (-87.68592075050194 41.82770135)","DMVDY6300_2026-05-28"
"DPQMK5751","day","2025-09-11T00:00:00.000","Avondale 1",,,,,,,,,,,,,,,,,,,"22.44","15.49","17.34","10.71","66.0","54.0","24.67","24.67",,,"63.59","63.59",,,"22.48","22.48",,,,,"41.941301100000004","-87.7184245347691","POINT (-87.7184245347691 41.941301100000004)","DPQMK5751_2025-09-11"
"DSHWY2305","day","2026-07-25T00:00:00.000","Irving Park 3",,,,,,,,,,,,,,,,,,,"16.69","17.83","16.64","11.11","65.0","55.0","22.69","22.69",,,"57.19","57.19",,,"24.65","24.65",,,,,"41.9490356","-87.72654561437082","POINT (-87.72654561437082 41.9490356)","DSHWY2305_2026-07-25"
"DBLXJ4454","day","2025-10-14T00:00:00.000","New City 5",,,,,,,,,,,,,,,,,,,"24.84","16.03","31.03","16.22","92.0","64.0","39.67","39.67",,,"71.41","71.41",,,"18.83","18.83",,,,,"41.802394199999995","-87.66940364304637","POINT (-87.66940364304637 41.802394199999995)","DBLXJ4454_2025-10-14"
"DBJPV1452","day","2025-09-22T00:00:00.000","Irving Park 2",,,,,,,,,,,,,,,,,,,"19.69","16.73","16.39","10.02","64.0","53.0","18.77","18.77",,,"62.9","62.9",,,"24.67","24.67",,,,,"41.94881145","-87.70812985315226","POINT (-87.70812985315226 41.94881145)","DBJPV1452_2025-09-22"
"DFQDK6326","day","2026-07-21T00:00:00.000","Beverly 1",,,,,,,,,,,,,,,,,,,"4.91","7.6",,,,,,,,,"65.43","65.43",,,"27.36","27.36",,,,,"41.732839299999995","-87.67465490628803","POINT (-87.67465490628803 41.732839299999995)","DFQDK6326_2026-07-21"
"DVPZF1960","day","2026-04-03T00:00:00.000","Near West Side 4",,,,,,,,,,,,,,,,,,,"19.35","16.21","8.99","6.26","49.0","34.0","9.63","9.63",,,"76.51","76.51",,,"12.48","12.48",,,,,"41.86523824401148","-87.6352269900566","POINT (-87.6352269900566 41.86523824401148)","DVPZF1960_2026-04-03"
"DFIBC1899","day","2025-12-08T00:00:00.000","South Deering 7","1006.0","1006.0",,,,,,,,,,,,,,,,,"23.23","22.02","9.21","7.28","51.0","40.0","6.72","6.72","64.1","64.1","53.79","53.79","-4.2","-4.2","-1.66","-1.66","124.83","124.83","1.15","1.15","41.66442141105966","-87.58654247521171","POINT (-87.58654247521171 41.66442141105966)","DFIBC1899_2025-12-08"
"DTYDP5264","day","2025-11-20T00:00:00.000","Norwood Park 1",,,,,,,,,,,,,,,,,,,"16.15","18.58","61.42","24.46","155.0","80.0","37.32","37.32",,,"82.28","82.28",,,"7.46","7.46",,,,,"41.9884148","-87.81462388174296","POINT (-87.81462388174296 41.9884148)","DTYDP5264_2025-11-20"
"DUUZN2841","day","2025-10-10T00:00:00.000","Logan Square 3",,,,,,,,,,,,,,,,,,,"18.53","16.98","8.63","8.78","48.0","48.0","13.56","13.56",,,"53.32","53.32",,,"15.88","15.88",,,,,"41.9218112","-87.6906365784621","POINT (-87.6906365784621 41.9218112)","DUUZN2841_2025-10-10"
"DQJDZ1252","day","2026-04-05T00:00:00.000","West Pullman 1",,,,,,,,,,,,,,,,,,,"3.43","10.17","4.39","4.88","24.0","27.0","4.09","4.09",,,"55.34","55.34",,,"7.33","7.33",,,,,"41.67590428555132","-87.6540277876164","POINT (-87.6540277876164 41.67590428555132)","DQJDZ1252_2026-04-05"
"DIUZJ7853","day","2026-09-05T00:00:00.000","Garfield Ridge 2",,,,,,,,,,,,,,,,,,,"16.33","14.63","17.96","11.08","67.0","55.0","27.15","27.15",,,"66.82","66.82",,,"29.31","29.31",,,,,"41.7903843","-87.77048382045737","POINT (-87.77048382045737 41.7903843)","DIUZJ7853_2026-09-05"
"DBJPV1452","day","2026-01-14T00:00:00.000","Irving Park 2",,,,,,,,,,,,,,,,,,,"23.15","18.17","3.11","4.7","17.0","26.0","3.71","3.71",,,"65.58","65.58",,,"1.97","1.97",,,,,"41.94881145","-87.70812985315226","POINT (-87.70812985315226 41.94881145)","DBJPV1452_2026-01-14"
"DHQVH8975","day","2025-10-10T00:00:00.000","Near West Side 6",,,,,,,,,,,,,,,,,,,"18.53","18.77","7.69","6.6","42.0","37.0","9.15","9.15",,,"54.34","54.34",,,"15.51","15.51",,,,,"41.865828699999994","-87.6686530821062","POINT (-87.6686530821062 41.865828699999994)","DHQVH8975_2025-10-10"
"DFCTF9310","day","2026-06-19T00:00:00.000","Washington Heights 4",,,,,,,,,,,,,,,,,,,"13.59","15.44","3.28","4.48","18.0","24.0","6.45","6.45",,,"54.5","54.5",,,"21.75","21.75",,,,,"41.701536071848494","-87.65364411744643","POINT (-87.65364411744643 41.701536071848494)","DFCTF9310_2026-06-19"
"DCRJT8545","day","2025-10-07T00:00:00.000","Greater Grand Crossing 6",,,,,,,,,,,,,,,,,,,"20.47","16.08","9.57","5.65","52.0","31.0","11.6","11.6",,,"74.97","74.97",,,"19.32","19.32",,,,,"41.75146495","-87.63629560000001","POINT (-87.63629560000001 41.75146495)","DCRJT8545_2025-10-07"
"DFIRX1818","day","2026-01-13T00:00:00.000","Pullman 4",,,,,,,,,,,,,,,,,,,"9.76","12.71","16.19","9.13","64.0","51.0","12.1","12.1",,,"68.48","68.48",,,"4.98","4.98",,,,,"41.688425949999996","-87.60256092387152","POINT (-87.60256092387152 41.688425949999996)","DFIRX1818_2026-01-13"
"DALUY0194","day","2026-06-16T00:00:00.000","Near North Side 2",,,,,,,,,,,,,,,,,,,"8.21","13.23","1.67","4.73","9.0","26.0","4.08","4.08",,,"47.17","47.17",,,"22.48","22.48",,,,,"41.9079403","-87.63684281786847","POINT (-87.63684281786847 41.9079403)","DALUY0194_2026-06-16"
"DSZQR8376","day","2025-09-18T00:00:00.000","Hegewisch 1",,,,,,,,,,,,,,,,,,,"10.86","14.09","33.87","16.37","97.0","64.0","38.85","38.85",,,"71.81","71.81",,,"21.79","21.79",,,,,"41.675190108549614","-87.53588600367534","POINT (-87.53588600367534 41.675190108549614)","DSZQR8376_2025-09-18"
"DVYCN4987","day","2026-08-27T00:00:00.000","Mayfair Collocation 2",,,,,,,,,,,,,,,,,,,"12.67","15.52",,,,,,,,,"59.06","59.06",,,"25.55","25.55",,,,,"41.964742","-87.749434","POINT (-87.749434 41.964742)","DVYCN4987_2026-08-27"
"DWRMS8182","day","2026-01-16T00:00:00.000","South Chicago 1",,,,,,,,,,,,,,,,,,,"20.19","25.47","16.02","8.8","64.0","49.0","12.16","12.16",,,"72.14","72.14",,,"-1.77","-1.77",,,,,"41.7514325","-87.56903725190702","POINT (-87.56903725190702 41.7514325)","DWRMS8182_2026-01-16"
"DFNHF0256","day","2026-01-14T00:00:00.000","Mayfair Collocation 1",,,,,,,,,,,,,,,,,,,"11.42","10.77","3.29","3.9","18.0","22.0","3.6","3.6",,,"65.53","65.53",,,"1.62","1.62",,,,,"41.964742","-87.749434","POINT (-87.749434 41.964742)","DFNHF0256_2026-01-14"
"DQJVA6225","day","2025-11-14T00:00:00.000","Jefferson Park 1",,,,,,,,,,,,,,,,,,,"20.26","21.29","13.58","10.98","59.0","54.0","16.14","16.14",,,"54.32","54.32",,,"11.96","11.96",,,,,"41.9889689","-87.76288502645104","POINT (-87.76288502645104 41.9889689)","DQJVA6225_2025-11-14"
"DMYYS7663","day","2026-06-19T00:00:00.000","Englewood 6",,,,,,,,,,,,,,,,,,,"22.64","16.09","5.68","6.23","31.0","34.0","9.53","9.53",,,"56.17","56.17",,,"21.45","21.45",,,,,"41.777062099999995","-87.652929447617","POINT (-87.652929447617 41.777062099999995)","DMYYS7663_2026-06-19"
"DZFFW4078","day","2025-12-11T00:00:00.000","Hegewisch 3",,,,,,,,,,,,,,,,,,,"12.3","12.42",,,,,,,,,"62.6","62.6",,,"-1.66","-1.66",,,,,"41.650308100000004","-87.53657469999999","POINT (-87.53657469999999 41.650308100000004)","DZFFW4078_2025-12-11"
"DIWKR9442","day","2025-09-21T00:00:00.000","West Lawn 4",,,,,,,,,,,,,,,,,,,"18.88","16.04","25.02","13.86","81.0","60.0","34.42","34.42",,,"72.67","72.67",,,"23.44","23.44",,,,,"41.7626353","-87.73788222687776","POINT (-87.73788222687776 41.7626353)","DIWKR9442_2025-09-21"
"DJHFB1439","day","2026-08-27T00:00:00.000","South Deering 6",,,,,,,,,,,,,,,,,,,"14.69","13.81","21.92","12.8","75.0","58.0","25.09","25.09",,,"62.1","62.1",,,"25.02","25.02",,,,,"41.66730025","-87.56938199592918","POINT (-87.56938199592918 41.66730025)","DJHFB1439_2026-08-27"
"DFAQM2360","day","2025-09-20T00:00:00.000","Englewood 1",,,,,,,,,,,,,,,,,,,"24.27","17.95","31.7","17.59","93.0","67.0","43.61","43.61",,,"66.92","66.92",,,"24.28","24.28",,,,,"41.78968585","-87.65259587249278","POINT (-87.65259587249278 41.78968585)","DFAQM2360_2025-09-20"
"DZBKX0961","day","2025-09-20T00:00:00.000","Kenwood 1",,,,,,,,,,,,,,,,,,,"14.24","12.38","27.61","14.89","85.0","62.0","35.76","35.76",,,"71.57","71.57",,,"23.76","23.76",,,,,"41.8130536","-87.60098186266059","POINT (-87.60098186266059 41.8130536)","DZBKX0961_2025-09-20"
"DDGHI0125","day","2025-10-09T00:00:00.000","Belmont Cragin 3",,,,,,,,,,,,,,,,,,,"14.91","14.61","6.65","6.08","37.0","33.0","7.59","7.59",,,"59.29","59.29",,,"13.78","13.78",,,,,"41.92893015","-87.75257875182068","POINT (-87.75257875182068 41.92893015)","DDGHI0125_2025-10-09"
"DBJPV1452","day","2025-10-07T00:00:00.000","Irving Park 2",,,,,,,,,,,,,,,,,,,"19.84","11.79","7.6","5.22","42.0","29.0","9.2","9.2",,,"77.33","77.33",,,"18.11","18.11",,,,,"41.94881145","-87.70812985315226","POINT (-87.70812985315226 41.94881145)","DBJPV1452_2025-10-07"
"DPQMK5751","day","2026-01-16T00:00:00.000","Avondale 1",,,,,,,,,,,,,,,,,,,"21.05","16.19","17.42","8.1","66.0","45.0","11.7","11.7",,,"72.83","72.83",,,"-1.57","-1.57",,,,,"41.941301100000004","-87.7184245347691","POINT (-87.7184245347691 41.941301100000004)","DPQMK5751_2026-01-16"
"DZFVS4727","day","2026-04-01T00:00:00.000","Uptown 3",,,,,,,,,,,,,,,,,,,"18.74","11.0","6.02","5.22","33.0","29.0","6.89","6.89",,,"76.67","76.67",,,"4.51","4.51",,,,,"41.96208095","-87.65418214875386","POINT (-87.65418214875386 41.96208095)","DZFVS4727_2026-04-01"
"DDCVA2276","day","2026-01-17T00:00:00.000","Forest Glen 2",,,,,,,,,,,,,,,,,,,"11.55","8.19","3.23","4.2","18.0","23.0","2.36","2.36",,,"59.04","59.04",,,"-5.64","-5.64",,,,,"42.003033450000004","-87.76224995","POINT (-87.76224995 42.003033450000004)","DDCVA2276_2026-01-17"
"DZIEF7974","day","2025-10-10T00:00:00.000","Auburn Gresham 5",,,,,,,,,,,,,,,,,,,"14.34","15.53","7.57","6.25","42.0","34.0","10.1","10.1",,,"58.7","58.7",,,"14.45","14.45",,,,,"41.739100300000004","-87.67021444445066","POINT (-87.67021444445066 41.739100300000004)","DZIEF7974_2025-10-10"
"DALUY0194","day","2025-11-17T00:00:00.000","Near North Side 2",,,,,,,,,,,,,,,,,,,"9.98","16.2","3.89","6.66","21.0","37.0","4.97","4.97",,,"45.06","45.06",,,"5.3","5.3",,,,,"41.9079403","-87.63684281786847","POINT (-87.63684281786847 41.9079403)","DALUY0194_2025-11-17"
"DFNBI6922","day","2026-06-19T00:00:00.000","Mount Greenwood 2",,,,,,,,,,,,,,,,,,,"12.9","13.44","3.56","4.53","19.0","25.0","6.36","6.36",,,"54.81","54.81",,,"22.04","22.04",,,,,"41.69236885","-87.71085274557561","POINT (-87.71085274557561 41.69236885)","DFNBI6922_2026-06-19"
"DVWMK9661","day","2025-10-07T00:00:00.000","Humboldt Park 4",,,,,,,,,,,,,,,,,,,"19.79","14.31","6.96","5.06","38.0","28.0","10.33","10.33",,,"77.36","77.36",,,"18.01","18.01",,,,,"41.89083265","-87.71959863710754","POINT (-87.71959863710754 41.89083265)","DVWMK9661_2025-10-07"
"DWBTT8209","day","2026-04-04T00:00:00.000","Edison Park 1",,,,,,,,,,,,,,,,,,,"9.41","9.02","8.92","6.33","49.0","35.0","10.76","10.76",,,"81.29","81.29",,,"7.77","7.77",,,,,"42.017003","-87.816509","POINT (-87.816509 42.017003)","DWBTT8209_2026-04-04"
"DAHWZ2321","day","2026-04-06T00:00:00.000","Albany Park 2",,,,,,,,,,,,,,,,,,,"12.36","13.62","7.77","7.16","43.0","39.0","9.41","9.41",,,"57.77","57.77",,,"9.35","9.35",,,,,"41.96237755","-87.70857185888067","POINT (-87.70857185888067 41.96237755)","DAHWZ2321_2026-04-06"
"DUDWN9545","day","2025-10-07T00:00:00.000","Ashburn 2",,,,,,,,,,,,,,,,,,,"21.01","15.68","9.77","6.35","52.0","35.0","14.52","14.52",,,"79.42","79.42",,,"18.54","18.54",,,,,"41.75226525","-87.72071577078817","POINT (-87.72071577078817 41.75226525)","DUDWN9545_2025-10-07"
"DKXFR1580","day","2025-10-11T00:00:00.000","Logan Square 4",,,,,,,,,,,,,,,,,,,"17.09","14.14","8.81","6.48","49.0","36.0","11.06","11.06",,,"62.98","62.98",,,"16.93","16.93",,,,,"41.91611105","-87.71889889177663","POINT (-87.71889889177663 41.91611105)","DKXFR1580_2025-10-11"
"DFKYH6865","day","2025-10-10T00:00:00.000","Morgan Park 1",,,,,,,,,,,,,,,,,,,"19.21","17.96","6.56","6.77","36.0","37.0","7.77","7.77",,,"60.47","60.47",,,"14.27","14.27",,,,,"41.69223635","-87.67489329295597","POINT (-87.67489329295597 41.69223635)","DFKYH6865_2025-10-10"
"DIQKT3554","day","2026-04-05T00:00:00.000","Lincoln Park 1",,,,,,,,,,,,,,,,,,,"3.19","7.96","6.36","6.11","35.0","34.0","7.44","7.44",,,"51.74","51.74",,,"7.9","7.9",,,,,"41.92154965","-87.65448778150906","POINT (-87.65448778150906 41.92154965)","DIQKT3554_2026-04-05"
"DNFCT5518","day","2026-01-14T00:00:00.000","Roseland 6",,,,,,,,,,,,,,,,,,,"13.16","10.11","3.89","4.04","21.0","22.0","3.77","3.77",,,"66.52","66.52",,,"1.79","1.79",,,,,"41.70134325","-87.63695104338622","POINT (-87.63695104338622 41.70134325)","DNFCT5518_2026-01-14"
"DWTBM7891","day","2025-11-14T00:00:00.000","Woodlawn 1",,,,,,,,,,,,,,,,,,,"16.25","21.64","13.61","10.87","59.0","54.0","18.69","18.69",,,"53.11","53.11",,,"12.43","12.43",,,,,"41.77673266666667","-87.60245566666666","POINT (-87.60245566666666 41.77673266666667)","DWTBM7891_2025-11-14"
"DEWGT8066","day","2026-05-28T00:00:00.000","Portage Park 3",,,,,,,,,,,,,,,,,,,"9.43","13.31",,,,,,,,,"51.28","51.28",,,"19.24","19.24",,,,,"41.94911115","-87.74480067538144","POINT (-87.74480067538144 41.94911115)","DEWGT8066_2026-05-28"
"DCFVE7122","day","2026-07-21T00:00:00.000","New City 3",,,,,,,,,,,,,,,,,,,"11.29","22.21","33.52","19.91","96.0","71.0","46.64","46.64",,,"60.54","60.54",,,"28.74","28.74",,,,,"41.801765700000004","-87.63592810040294","POINT (-87.63592810040294 41.801765700000004)","DCFVE7122_2026-07-21"
"DRRDD3500","day","2026-01-14T00:00:00.000","Hegewisch 6",,,,,,,,,,,,,,,,,,,"22.9","14.34","5.49","4.73","30.0","26.0","4.85","4.85",,,"67.59","67.59",,,"1.89","1.89",,,,,"41.66298535","-87.55350110056347","POINT (-87.55350110056347 41.66298535)","DRRDD3500_2026-01-14"
"DNBEB5545","day","2026-04-02T00:00:00.000","Hermosa 1",,,,,,,,,,,,,,,,,,,"17.5","12.88","30.64","12.91","91.0","58.0","25.77","25.77",,,"83.0","83.0",,,"9.35","9.35",,,,,"41.928697400000004","-87.73569501672739","POINT (-87.73569501672739 41.928697400000004)","DNBEB5545_2026-04-02"
"DACZY2913","day","2025-09-16T00:00:00.000","Rogers Park 2",,,,,,,,,,,,,,,,,,,"7.6","13.62","22.75","13.13","76.0","58.0","31.36","31.36",,,"67.4","67.4",,,"22.48","22.48",,,,,"42.0027981","-87.67195804163265","POINT (-87.67195804163265 42.0027981)","DACZY2913_2025-09-16"
"DIRJX6254","day","2026-09-17T00:00:00.000","Greater Grand Crossing 2",,,,,,,,,,,,,,,,,,,"19.9","13.86","12.48","7.37","57.0","41.0","17.67","17.67",,,"82.87","82.87",,,"22.94","22.94",,,,,"41.76421335","-87.61966303201764","POINT (-87.61966303201764 41.76421335)","DIRJX6254_2026-09-17"
"DDCVA2276","day","2026-08-26T00:00:00.000","Forest Glen 2",,,,,,,,,,,,,,,,,,,"11.93","14.09","16.14","10.37","64.0","53.0","20.15","20.15",,,"57.54","57.54",,,"25.9","25.9",,,,,"42.003033450000004","-87.76224995","POINT (-87.76224995 42.003033450000004)","DDCVA2276_2026-08-26"
"DLZBV6061","day","2026-04-03T00:00:00.000","Auburn Gresham 4",,,,,,,,,,,,,,,,,,,"8.3","10.62","8.6","5.32","48.0","29.0","8.74","8.74",,,"75.11","75.11",,,"13.25","13.25",,,,,"41.7392967","-87.65309402456438","POINT (-87.65309402456438 41.7392967)","DLZBV6061_2026-04-03"
"DPNPJ6846","day","2025-09-18T00:00:00.000","New City 2",,,,,,,,,,,,,,,,,,,"14.72","21.36","29.65","15.53","89.0","63.0","34.0","34.0",,,"64.42","64.42",,,"23.77","23.77",,,,,"41.81485945","-87.65156300549928","POINT (-87.65156300549928 41.81485945)","DPNPJ6846_2025-09-18"
"DAPBK7657","day","2025-10-09T00:00:00.000","South Lawndale 2",,,,,,,,,,,,,,,,,,,"9.19","13.06","4.93","5.14","27.0","28.0","5.98","5.98",,,"55.32","55.32",,,"14.83","14.83",,,,,"41.8402538","-87.70343516174668","POINT (-87.70343516174668 41.8402538)","DAPBK7657_2025-10-09"
"DLUKV4510","day","2025-09-19T00:00:00.000","Calumet Heights 3",,,,,,,,,,,,,,,,,,,"15.55","12.66","26.77","13.98","84.0","60.0","30.02","30.02",,,"64.68","64.68",,,"24.38","24.38",,,,,"41.72602304045317","-87.55256172786454","POINT (-87.55256172786454 41.72602304045317)","DLUKV4510_2025-09-19"
"DHCXV0760","day","2025-09-19T00:00:00.000","West Garfield Park 1",,,,,,,,,,,,,,,,,,,"17.77","16.84","25.02","15.43","81.0","63.0","31.07","31.07",,,"55.91","55.91",,,"25.53","25.53",,,,,"41.87835895","-87.73628820535262","POINT (-87.73628820535262 41.87835895)","DHCXV0760_2025-09-19"
"DWTBM7891","day","2025-11-15T00:00:00.000","Woodlawn 1",,,,,,,,,,,,,,,,,,,"10.68","14.76","19.21","12.06","70.0","56.0","28.93","28.93",,,"67.73","67.73",,,"17.91","17.91",,,,,"41.77673266666667","-87.60245566666666","POINT (-87.60245566666666 41.77673266666667)","DWTBM7891_2025-11-15"
"DZBKX0961","day","2026-04-06T00:00:00.000","Kenwood 1",,,,,,,,,,,,,,,,,,,"14.96","14.21","9.24","7.56","51.0","42.0","9.4","9.4",,,"59.09","59.09",,,"9.2","9.2",,,,,"41.8130536","-87.60098186266059","POINT (-87.60098186266059 41.8130536)","DZBKX0961_2026-04-06"
"DBDBP2246","day","2026-06-18T00:00:00.000","Greater Grand Crossing 4",,,,,,,,,,,,,,,,,,,"10.28","10.76","6.65","5.28","37.0","29.0","10.15","10.15",,,"64.4","64.4",,,"21.29","21.29",,,,,"41.751726399999995","-87.60303067276175","POINT (-87.60303067276175 41.751726399999995)","DBDBP2246_2026-06-18"
"DMAFX5938","day","2026-09-05T00:00:00.000","Avalon Park 2",,,,,,,,,,,,,,,,,,,"11.0","13.73","16.33","8.88","64.0","49.0","20.79","20.79",,,"73.39","73.39",,,"27.53","27.53",,,,,"41.73883825","-87.5685253","POINT (-87.5685253 41.73883825)","DMAFX5938_2026-09-05"
"DPPCP3370","day","2026-06-17T00:00:00.000","West Pullman 4",,,,,,,,,,,,,,,,,,,"21.15","14.24","7.97","5.54","44.0","31.0","10.64","10.64",,,"70.14","70.14",,,"17.89","17.89",,,,,"41.66388775","-87.6211915351054","POINT (-87.6211915351054 41.66388775)","DPPCP3370_2026-06-17"
"DRYBG8957","day","2026-04-01T00:00:00.000","McKinley Park 2",,,,,,,,,,,,,,,,,,,"14.48","9.62","9.94","5.33","52.0","29.0","7.64","7.64",,,"76.41","76.41",,,"4.76","4.76",,,,,"41.827580350000005","-87.66937111952846","POINT (-87.66937111952846 41.827580350000005)","DRYBG8957_2026-04-01"
"DZBHR9476","day","2026-05-30T00:00:00.000","Near South Side 2",,,,,,,,,,,,,,,,,,,"11.39","15.06","10.85","6.26","54.0","34.0","5.14","5.14",,,"59.95","59.95",,,"18.96","18.96",,,,,"41.853269850000004","-87.61952604024003","POINT (-87.61952604024003 41.853269850000004)","DZBHR9476_2026-05-30"
"DCZQF3538","day","2025-11-18T00:00:00.000","Lower West Side 2",,,,,,,,,,,,,,,,,,,"18.3","14.93","18.91","9.29","69.0","51.0","14.91","14.91",,,"70.83","70.83",,,"6.5","6.5",,,,,"41.85298145","-87.66905187486446","POINT (-87.66905187486446 41.85298145)","DCZQF3538_2025-11-18"
"DFKYH6865","day","2026-04-06T00:00:00.000","Morgan Park 1",,,,,,,,,,,,,,,,,,,"15.51","13.29","7.26","7.0","40.0","39.0","6.85","6.85",,,"59.39","59.39",,,"8.93","8.93",,,,,"41.69223635","-87.67489329295597","POINT (-87.67489329295597 41.69223635)","DFKYH6865_2026-04-06"
"DJWGZ0445","day","2026-03-29T00:00:00.000","Grand Boulevard 1",,,,,,,,,,,,,,,,,,,"16.55","13.9","11.91","9.66","56.0","52.0","13.35","13.35",,,"42.32","42.32",,,"11.27","11.27",,,,,"41.814588650000005","-87.61885441047625","POINT (-87.61885441047625 41.814588650000005)","DJWGZ0445_2026-03-29"
"DQABT4506","day","2025-10-10T00:00:00.000","Riverdale 2",,,,,,,,,,,,,,,,,,,"20.7","16.78","9.57","6.82","52.0","38.0","10.31","10.31",,,"61.93","61.93",,,"14.01","14.01",,,,,"41.66370695","-87.6054486089225","POINT (-87.6054486089225 41.66370695)","DQABT4506_2025-10-10"
"DKDJK5693","day","2026-06-19T00:00:00.000","Roseland 1",,,,,,,,,,,,,,,,,,,"17.44","21.68","4.22","5.63","23.0","31.0","8.79","8.79",,,"56.15","56.15",,,"21.48","21.48",,,,,"41.726565","-87.61949170539359","POINT (-87.61949170539359 41.726565)","DKDJK5693_2026-06-19"
"DMMRS6981","day","2025-09-17T00:00:00.000","Forest Glen 1",,,,,,,,,,,,,,,,,,,"11.43","12.04","23.57","13.25","78.0","59.0","30.08","30.08",,,"66.71","66.71",,,"21.74","21.74",,,,,"42.00388875","-87.78008329520102","POINT (-87.78008329520102 42.00388875)","DMMRS6981_2025-09-17"
"DQGPJ5322","day","2026-01-15T00:00:00.000","Beverly 5",,,,,,,,,,,,,,,,,,,"11.44","9.91","1.87","3.8","10.0","21.0","1.93","1.93",,,"58.48","58.48",,,"-6.25","-6.25",,,,,"41.702660249999994","-87.69255586271339","POINT (-87.69255586271339 41.702660249999994)","DQGPJ5322_2026-01-15"
"DEPLW3142","day","2026-01-13T00:00:00.000","Greater Grand Crossing 3",,,,,,,,,,,,,,,,,,,"18.71","17.63","15.42","9.84","63.0","52.0","12.74","12.74",,,"65.91","65.91",,,"5.6","5.6",,,,,"41.7640476","-87.60243825440212","POINT (-87.60243825440212 41.7640476)","DEPLW3142_2026-01-13"
"DZLAV7766","day","2025-09-21T00:00:00.000","Austin 4",,,,,,,,,,,,,,,,,,,"17.34","18.84","27.11","16.35","85.0","64.0","36.72","36.72",,,"71.13","71.13",,,"23.68","23.68",,,,,"41.8787019","-87.75315257211534","POINT (-87.75315257211534 41.8787019)","DZLAV7766_2025-09-21"
"DWTBM7891","day","2025-10-09T00:00:00.000","Woodlawn 1",,,,,,,,,,,,,,,,,,,"6.3","10.67","2.77","4.97","15.0","27.0","5.56","5.56",,,"54.69","54.69",,,"15.09","15.09",,,,,"41.77673266666667","-87.60245566666666","POINT (-87.60245566666666 41.77673266666667)","DWTBM7891_2025-10-09"
"DIHMX0551","day","2025-09-21T00:00:00.000","Humboldt Park 3",,,,,,,,,,,,,,,,,,,"15.43","17.36","27.44","14.76","85.0","61.0","37.21","37.21",,,"71.45","71.45",,,"23.71","23.71",,,,,"41.891075","-87.70279956945122","POINT (-87.70279956945122 41.891075)","DIHMX0551_2025-09-21"
"DKUAZ4434","day","2025-09-18T00:00:00.000","West Ridge 1",,,,,,,,,,,,,,,,,,,"12.87","12.25","32.88","15.76","95.0","63.0","39.93","39.93",,,"73.4","73.4",,,"21.76","21.76",,,,,"42.01665715","-87.7077947","POINT (-87.7077947 42.01665715)","DKUAZ4434_2025-09-18"
"DRJGY6541","day","2025-11-16T00:00:00.000","West Elsdon 1",,,,,,,,,,,,,,,,,,,"6.08","9.05","1.46","5.15","8.0","28.0","3.77","3.77",,,"36.8","36.8",,,"9.37","9.37",,,,,"41.7903099","-87.73683774404154","POINT (-87.73683774404154 41.7903099)","DRJGY6541_2025-11-16"
"DFAKZ8204","day","2026-09-05T00:00:00.000","New City 4",,,,,,,,,,,,,,,,,,,"15.41","12.18","17.71","9.91","67.0","52.0","23.09","23.09",,,"69.59","69.59",,,"28.34","28.34",,,,,"41.802323","-87.65289447500001","POINT (-87.65289447500001 41.802323)","DFAKZ8204_2026-09-05"
"DFAQM2360","day","2026-04-04T00:00:00.000","Englewood 1",,,,,,,,,,,,,,,,,,,"19.72","12.56","21.22","9.01","74.0","50.0","21.63","21.63",,,"83.23","83.23",,,"8.57","8.57",,,,,"41.78968585","-87.65259587249278","POINT (-87.65259587249278 41.78968585)","DFAQM2360_2026-04-04"
"DMLBL6950","day","2026-08-02T00:00:00.000","West Lawn 2",,,,,,,,,,,,,,,,,,,"12.92","12.12","23.78","12.54","78.0","57.0","30.42","30.42",,,"74.58","74.58",,,"23.49","23.49",,,,,"41.777474531589306","-87.72038498734025","POINT (-87.72038498734025 41.777474531589306)","DMLBL6950_2026-08-02"
"DJHFB1439","day","2026-01-13T00:00:00.000","South Deering 6",,,,,,,,,,,,,,,,,,,"13.59","13.69","17.86","8.63","67.0","48.0","12.43","12.43",,,"69.84","69.84",,,"4.81","4.81",,,,,"41.66730025","-87.56938199592918","POINT (-87.56938199592918 41.66730025)","DJHFB1439_2026-01-13"
"DGDNA0617","day","2026-08-30T00:00:00.000","Edison Park 2",,,,,,,,,,,,,,,,,,,"12.49","12.92","21.72","13.25","74.0","59.0","30.63","30.63",,,"65.03","65.03",,,"25.21","25.21",,,,,"42.00333585","-87.81657557251182","POINT (-87.81657557251182 42.00333585)","DGDNA0617_2026-08-30"
"DPNPJ6846","day","2025-11-17T00:00:00.000","New City 2",,,,,,,,,,,,,,,,,,,"16.0","23.55","7.57","7.48","42.0","41.0","7.04","7.04",,,"41.57","41.57",,,"5.88","5.88",,,,,"41.81485945","-87.65156300549928","POINT (-87.65156300549928 41.81485945)","DPNPJ6846_2025-11-17"
"DHQVH8975","day","2026-04-01T00:00:00.000","Near West Side 6",,,,,,,,,,,,,,,,,,,"15.31","12.57","10.54","5.44","54.0","30.0","7.79","7.79",,,"76.37","76.37",,,"4.65","4.65",,,,,"41.865828699999994","-87.6686530821062","POINT (-87.6686530821062 41.865828699999994)","DHQVH8975_2026-04-01"
"DKUAZ4434","day","2025-11-15T00:00:00.000","West Ridge 1",,,,,,,,,,,,,,,,,,,"14.33","14.89","21.73","11.63","74.0","56.0","26.9","26.9",,,"68.81","68.81",,,"17.69","17.69",,,,,"42.01665715","-87.7077947","POINT (-87.7077947 42.01665715)","DKUAZ4434_2025-11-15"
"DXIGM4223","day","2025-11-15T00:00:00.000","Ashburn 6",,,,,,,,,,,,,,,,,,,"12.0","14.75","19.37","11.98","70.0","56.0","25.39","25.39",,,"67.82","67.82",,,"17.73","17.73",,,,,"41.73950785","-87.7038867676452","POINT (-87.7038867676452 41.73950785)","DXIGM4223_2025-11-15"
"DQGPJ5322","day","2026-09-05T00:00:00.000","Beverly 5",,,,,,,,,,,,,,,,,,,"17.16","12.3","15.43","9.49","63.0","52.0","24.59","24.59",,,"70.6","70.6",,,"28.11","28.11",,,,,"41.702660249999994","-87.69255586271339","POINT (-87.69255586271339 41.702660249999994)","DQGPJ5322_2026-09-05"
"DKRXT7147","day","2025-09-11T00:00:00.000","Roseland 4",,,,,,,,,,,,,,,,,,,"21.53","14.65","16.08","10.97","64.0","54.0","25.16","25.16",,,"62.46","62.46",,,"22.82","22.82",,,,,"41.68874295","-87.62059497344643","POINT (-87.62059497344643 41.68874295)","DKRXT7147_2025-09-11"
"DZIHS7092","day","2026-06-17T00:00:00.000","Archer Heights 2",,,,,,,,,,,,,,,,,,,"19.28","17.66","6.08","5.22","33.0","29.0","9.78","9.78",,,"66.59","66.59",,,"18.1","18.1",,,,,"41.81532825167885","-87.71997399657484","POINT (-87.71997399657484 41.81532825167885)","DZIHS7092_2026-06-17"
"DAEXF8484","day","2026-01-13T00:00:00.000","Mount Greenwood 1",,,,,,,,,,,,,,,,,,,"10.68","15.97","14.27","9.15","61.0","51.0","13.61","13.61",,,"69.75","69.75",,,"4.65","4.65",,,,,"41.70576455","-87.710860211544","POINT (-87.710860211544 41.70576455)","DAEXF8484_2026-01-13"
"DRRDD3500","day","2026-01-13T00:00:00.000","Hegewisch 6",,,,,,,,,,,,,,,,,,,"23.5","16.23","17.18","8.75","66.0","48.0","12.91","12.91",,,"68.95","68.95",,,"4.88","4.88",,,,,"41.66298535","-87.55350110056347","POINT (-87.55350110056347 41.66298535)","DRRDD3500_2026-01-13"
"DMAEX1156","day","2025-10-10T00:00:00.000","South Deering 9","1003.0","1003.0",,,,,,,,,,,,,,,,,"16.07","17.75","6.51","6.69","36.0","37.0","9.62","9.62","61.9","61.9","55.16","55.16","13.7","13.7","15.84","15.84","199.79","199.79","1.72","1.72","41.700324699999996","-87.58631302026143","POINT (-87.58631302026143 41.700324699999996)","DMAEX1156_2025-10-10"
"DZBKX0961","day","2025-09-17T00:00:00.000","Kenwood 1",,,,,,,,,,,,,,,,,,,"13.07","11.67","21.64","11.22","74.0","55.0","26.91","26.91",,,"74.98","74.98",,,"22.07","22.07",,,,,"41.8130536","-87.60098186266059","POINT (-87.60098186266059 41.8130536)","DZBKX0961_2025-09-17"
"DFKYH6865","day","2026-09-05T00:00:00.000","Morgan Park 1",,,,,,,,,,,,,,,,,,,"18.04","17.41","14.27","9.99","61.0","52.0","21.87","21.87",,,"65.52","65.52",,,"29.97","29.97",,,,,"41.69223635","-87.67489329295597","POINT (-87.67489329295597 41.69223635)","DFKYH6865_2026-09-05"
"DQVGW1846","day","2025-09-20T00:00:00.000","South Lawndale 3",,,,,,,,,,,,,,,,,,,"22.08","19.56","35.99","19.5","102.0","70.0","45.17","45.17",,,"64.05","64.05",,,"24.72","24.72",,,,,"41.8403843","-87.71981834946608","POINT (-87.71981834946608 41.8403843)","DQVGW1846_2025-09-20"
"DEPLW3142","day","2026-06-19T00:00:00.000","Greater Grand Crossing 3",,,,,,,,,,,,,,,,,,,"15.51","16.68","5.4","6.14","30.0","34.0","8.92","8.92",,,"54.06","54.06",,,"22.01","22.01",,,,,"41.7640476","-87.60243825440212","POINT (-87.60243825440212 41.7640476)","DEPLW3142_2026-06-19"
"DTCRA7818","day","2025-12-07T00:00:00.000","West Lawn 1",,,,,,,,,,,,,,,,,,,"5.79","20.88","47.41","23.38","130.0","77.0","28.27","28.27",,,"77.74","77.74",,,"0.14","0.14",,,,,"41.7772479","-87.73660460279069","POINT (-87.73660460279069 41.7772479)","DTCRA7818_2025-12-07"
"DWTBM7891","day","2026-06-19T00:00:00.000","Woodlawn 1",,,,,,,,,,,,,,,,,,,"10.37","15.46","4.69","5.92","26.0","33.0","9.7","9.7",,,"54.34","54.34",,,"21.82","21.82",,,,,"41.77673266666667","-87.60245566666666","POINT (-87.60245566666666 41.77673266666667)","DWTBM7891_2026-06-19"
"DBYCW6873","day","2026-06-20T00:00:00.000","Norwood Park 4",,,,,,,,,,,,,,,,,,,"8.07","13.25","2.52","4.3","14.0","24.0","5.09","5.09",,,"49.96","49.96",,,"23.46","23.46",,,,,"41.97643085","-87.79850802324188","POINT (-87.79850802324188 41.97643085)","DBYCW6873_2026-06-20"
"DBMHJ0743","day","2025-10-13T00:00:00.000","Archer Heights 4",,,,,,,,,,,,,,,,,,,"16.57","13.78","14.46","9.04","61.0","50.0","18.47","18.47",,,"62.4","62.4",,,"17.33","17.33",,,,,"41.802709500000006","-87.7373057324682","POINT (-87.7373057324682 41.802709500000006)","DBMHJ0743_2025-10-13"
"DBLXJ4454","day","2025-12-09T00:00:00.000","New City 5",,,,,,,,,,,,,,,,,,,"26.57","24.86","35.55","15.98","101.0","64.0","21.47","21.47",,,"72.06","72.06",,,"-1.66","-1.66",,,,,"41.802394199999995","-87.66940364304637","POINT (-87.66940364304637 41.802394199999995)","DBLXJ4454_2025-12-09"
"DJKZD4256","day","2025-12-12T00:00:00.000","Morgan Park 3",,,,,,,,,,,,,,,,,,,"21.03","19.51","24.45","14.09","80.0","60.0","14.35","14.35",,,"69.95","69.95",,,"-1.89","-1.89",,,,,"41.67869235","-87.67466474951416","POINT (-87.67466474951416 41.67869235)","DJKZD4256_2025-12-12"
"DBTKW5792","day","2026-06-20T00:00:00.000","Austin 8",,,,,,,,,,,,,,,,,,,"7.95","12.82","2.68","4.39","14.0","24.0","5.65","5.65",,,"51.39","51.39",,,"23.08","23.08",,,,,"41.8912125","-87.76984190347045","POINT (-87.76984190347045 41.8912125)","DBTKW5792_2026-06-20"
"DKISS7174","day","2026-01-16T00:00:00.000","West Elsdon 2",,,,,,,,,,,,,,,,,,,"16.44","19.13","16.81","9.9","65.0","52.0","12.39","12.39",,,"72.03","72.03",,,"-1.67","-1.67",,,,,"41.7898683","-87.72002286796209","POINT (-87.72002286796209 41.7898683)","DKISS7174_2026-01-16"
"DHZTI7858","day","2026-01-14T00:00:00.000","Pullman 1",,,,,,,,,,,,,,,,,,,"24.13","13.25","3.42","3.81","19.0","21.0","3.24","3.24",,,"66.58","66.58",,,"1.84","1.84",,,,,"41.71416735","-87.60386913020682","POINT (-87.60386913020682 41.71416735)","DHZTI7858_2026-01-14"
"DUIZW8642","day","2025-12-06T00:00:00.000","Norwood Park 5",,,,,,,,,,,,,,,,,,,"25.32","21.48","43.47","18.32","120.0","68.0","26.7","26.7",,,"69.7","69.7",,,"-1.05","-1.05",,,,,"41.9764404","-87.81663050626611","POINT (-87.81663050626611 41.9764404)","DUIZW8642_2025-12-06"
"DMAFX5938","day","2026-04-02T00:00:00.000","Avalon Park 2",,,,,,,,,,,,,,,,,,,"11.66","12.84","32.01","12.04","94.0","56.0","25.89","25.89",,,"84.95","84.95",,,"10.25","10.25",,,,,"41.73883825","-87.5685253","POINT (-87.5685253 41.73883825)","DMAFX5938_2026-04-02"
"DHQVH8975","day","2026-04-02T00:00:00.000","Near West Side 6",,,,,,,,,,,,,,,,,,,"20.05","19.31","32.73","12.62","95.0","58.0","24.66","24.66",,,"83.33","83.33",,,"9.65","9.65",,,,,"41.865828699999994","-87.6686530821062","POINT (-87.6686530821062 41.865828699999994)","DHQVH8975_2026-04-02"
"DKISS7174","day","2026-09-26T00:00:00.000","West Elsdon 2",,,,,,,,,,,,,,,,,,,"19.22","19.42","10.95","8.67","54.0","48.0","16.71","16.71",,,"62.1","62.1",,,"17.55","17.55",,,,,"41.7898683","-87.72002286796209","POINT (-87.72002286796209 41.7898683)","DKISS7174_2026-09-26"
"DYUGS4351","day","2025-10-09T00:00:00.000","East Garfield Park 2",,,,,,,,,,,,,,,,,,,"11.31","13.07","4.76","5.18","26.0","28.0","5.88","5.88",,,"55.17","55.17",,,"14.92","14.92",,,,,"41.87840975","-87.70263428383839","POINT (-87.70263428383839 41.87840975)","DYUGS4351_2025-10-09"
"DXHYE9278","day","2026-01-13T00:00:00.000","Hegewisch 5",,,,,,,,,,,,,,,,,,,"15.72","15.05","18.94","9.11","69.0","51.0","12.92","12.92",,,"69.84","69.84",,,"4.97","4.97",,,,,"41.64887855","-87.56940151087389","POINT (-87.56940151087389 41.64887855)","DXHYE9278_2026-01-13"
"DBDBP2246","day","2026-07-25T00:00:00.000","Greater Grand Crossing 4",,,,,,,,,,,,,,,,,,,"17.05","13.5","18.03","11.52","68.0","55.0","23.72","23.72",,,"56.71","56.71",,,"24.53","24.53",,,,,"41.751726399999995","-87.60303067276175","POINT (-87.60303067276175 41.751726399999995)","DBDBP2246_2026-07-25"
"DPDDG5192","day","2026-04-01T00:00:00.000","Montclare 1",,,,,,,,,,,,,,,,,,,"11.95","9.57","6.88","5.1","38.0","28.0","6.77","6.77",,,"74.48","74.48",,,"4.38","4.38",,,,,"41.935839200000004","-87.79903217637985","POINT (-87.79903217637985 41.935839200000004)","DPDDG5192_2026-04-01"
"DMLFU0523","day","2026-04-02T00:00:00.000","Pullman 2",,,,,,,,,,,,,,,,,,,"15.06","10.96","32.86","12.91","95.0","58.0","29.07","29.07",,,"84.31","84.31",,,"10.27","10.27",,,,,"41.713040199999995","-87.58430474129636","POINT (-87.58430474129636 41.713040199999995)","DMLFU0523_2026-04-02"
"DZKWB0839","day","2026-06-17T00:00:00.000","East Side 2",,,,,,,,,,,,,,,,,,,"17.79","22.96","7.96","5.74","44.0","32.0","10.1","10.1",,,"67.61","67.61",,,"18.07","18.07",,,,,"41.713258249999996","-87.53592341666666","POINT (-87.53592341666666 41.713258249999996)","DZKWB0839_2026-06-17"
"DUDWN9545","day","2026-06-16T00:00:00.000","Ashburn 2",,,,,,,,,,,,,,,,,,,"11.1","12.81","0.82","4.25","4.0","23.0","4.02","4.02",,,"50.0","50.0",,,"21.8","21.8",,,,,"41.75226525","-87.72071577078817","POINT (-87.72071577078817 41.75226525)","DUDWN9545_2026-06-16"
"DYUGS4351","day","2026-04-02T00:00:00.000","East Garfield Park 2",,,,,,,,,,,,,,,,,,,"13.49","13.1","25.61","10.86","82.0","54.0","20.62","20.62",,,"82.6","82.6",,,"9.64","9.64",,,,,"41.87840975","-87.70263428383839","POINT (-87.70263428383839 41.87840975)","DYUGS4351_2026-04-02"
"DCHTB8281","day","2026-04-06T00:00:00.000","Morgan Park 2",,,,,,,,,,,,,,,,,,,"11.49","11.91","10.87","6.82","54.0","38.0","9.02","9.02",,,"58.04","58.04",,,"9.02","9.02",,,,,"41.689594850000006","-87.65379678317397","POINT (-87.65379678317397 41.689594850000006)","DCHTB8281_2026-04-06"
"DQUUS8611","day","2026-01-13T00:00:00.000","West Town 4",,,,,,,,,,,,,,,,,,,"24.5","21.04","16.22","10.08","64.0","53.0","13.64","13.64",,,"68.37","68.37",,,"5.26","5.26",,,,,"41.8948325","-87.67276417877609","POINT (-87.67276417877609 41.8948325)","DQUUS8611_2026-01-13"
"DBIRF2035","day","2026-01-17T00:00:00.000","Gage Park 4",,,,,,,,,,,,,,,,,,,"12.85","8.51","8.96","9.05","49.0","50.0","6.61","6.61",,,"56.95","56.95",,,"-4.87","-4.87",,,,,"41.79007765","-87.70310395085426","POINT (-87.70310395085426 41.79007765)","DBIRF2035_2026-01-17"
"DWMLU4849","day","2025-10-13T00:00:00.000","Portage Park 4",,,,,,,,,,,,,,,,,,,"19.77","18.29","17.02","11.82","66.0","56.0","22.07","22.07",,,"61.29","61.29",,,"17.85","17.85",,,,,"41.94171985","-87.75242624360101","POINT (-87.75242624360101 41.94171985)","DWMLU4849_2025-10-13"
"DTQTJ0507","day","2026-08-30T00:00:00.000","Douglas 1",,,,,,,,,,,,,,,,,,,"17.89","11.98","23.05","12.23","77.0","57.0","27.54","27.54",,,"66.55","66.55",,,"24.64","24.64",,,,,"41.8404121","-87.61910230081149","POINT (-87.61910230081149 41.8404121)","DTQTJ0507_2026-08-30"
"DIWKR9442","day","2025-09-18T00:00:00.000","West Lawn 4",,,,,,,,,,,,,,,,,,,"28.95","24.65","25.4","16.06","81.0","64.0","34.91","34.91",,,"59.84","59.84",,,"24.06","24.06",,,,,"41.7626353","-87.73788222687776","POINT (-87.73788222687776 41.7626353)","DIWKR9442_2025-09-18"
"DMMRS6981","day","2026-06-01T00:00:00.000","Forest Glen 1",,,,,,,,,,,,,,,,,,,"11.09","11.46","4.29","5.49","23.0","30.0","7.85","7.85",,,"55.56","55.56",,,"18.16","18.16",,,,,"42.00388875","-87.78008329520102","POINT (-87.78008329520102 42.00388875)","DMMRS6981_2026-06-01"
"DPWHE0976","day","2025-09-16T00:00:00.000","Fuller Park 1",,,,,,,,,,,,,,,,,,,"12.79","14.91","18.77","10.59","69.0","54.0","21.95","21.95",,,"63.51","63.51",,,"22.72","22.72",,,,,"41.81472425","-87.63492704556565","POINT (-87.63492704556565 41.81472425)","DPWHE0976_2025-09-16"
"DBIZF0451","day","2026-06-18T00:00:00.000","West Pullman 2",,,,,,,,,,,,,,,,,,,"11.05","12.44","8.51","5.63","47.0","31.0","11.27","11.27",,,"67.08","67.08",,,"21.19","21.19",,,,,"41.6758357","-87.63729348709609","POINT (-87.63729348709609 41.6758357)","DBIZF0451_2026-06-18"
"DMLRY2750","day","2026-06-19T00:00:00.000","North Park 1",,,,,,,,,,,,,,,,,,,"9.08","11.95",,,,,,,,,"55.99","55.99",,,"21.25","21.25",,,,,"41.98888865000001","-87.72522068117541","POINT (-87.72522068117541 41.98888865000001)","DMLRY2750_2026-06-19"
"DMFEL5431","day","2026-06-17T00:00:00.000","Garfield Ridge 4",,,,,,,,,,,,,,,,,,,"26.57","17.73","5.7","6.0","32.0","33.0","11.01","11.01",,,"67.67","67.67",,,"18.15","18.15",,,,,"41.787349199999994","-87.80034666308356","POINT (-87.80034666308356 41.787349199999994)","DMFEL5431_2026-06-17"
"DXWXZ1902","day","2025-09-09T00:00:00.000","South Deering 1",,,,,,,,,,,,,,,,,,,"8.29","12.32","8.57","6.88","47.0","38.0","9.18","9.18",,,"52.76","52.76",,,"17.78","17.78",,,,,"41.71372895","-87.56962240593828","POINT (-87.56962240593828 41.71372895)","DXWXZ1902_2025-09-09"
"DITUY8368","day","2026-01-14T00:00:00.000","West Ridge 5",,,,,,,,,,,,,,,,,,,"9.67","9.22","7.03","5.32","39.0","29.0","6.86","6.86",,,"68.0","68.0",,,"1.53","1.53",,,,,"41.989107849999996","-87.7079485114359","POINT (-87.7079485114359 41.989107849999996)","DITUY8368_2026-01-14"
"DDGHI0125","day","2026-09-17T00:00:00.000","Belmont Cragin 3",,,,,,,,,,,,,,,,,,,"14.87","13.5","16.29","8.84","64.0","49.0","21.26","21.26",,,"82.31","82.31",,,"22.69","22.69",,,,,"41.92893015","-87.75257875182068","POINT (-87.75257875182068 41.92893015)","DDGHI0125_2026-09-17"
"DZKWB0839","day","2026-04-03T00:00:00.000","East Side 2",,,,,,,,,,,,,,,,,,,"8.89","13.07","12.58","6.21","57.0","34.0","11.22","11.22",,,"76.6","76.6",,,"13.13","13.13",,,,,"41.713258249999996","-87.53592341666666","POINT (-87.53592341666666 41.713258249999996)","DZKWB0839_2026-04-03"
"DERZJ4600","day","2026-06-17T00:00:00.000","Rogers Park 1",,,,,,,,,,,,,,,,,,,"22.22","15.43","6.72","6.26","37.0","34.0","11.1","11.1",,,"67.56","67.56",,,"18.16","18.16",,,,,"42.0162268","-87.6715525592391","POINT (-87.6715525592391 42.0162268)","DERZJ4600_2026-06-17"
"DVPEA0040","day","2026-06-17T00:00:00.000","Auburn Gresham 1",,,,,,,,,,,,,,,,,,,"15.79","15.02","5.45","5.68","30.0","31.0","9.89","9.89",,,"67.85","67.85",,,"18.0","18.0",,,,,"41.75224785","-87.66918975845675","POINT (-87.66918975845675 41.75224785)","DVPEA0040_2026-06-17"
"DRCQU4244","day","2026-06-19T00:00:00.000","Roseland 5",,,,,,,,,,,,,,,,,,,"13.38","14.15","3.44","5.24","19.0","29.0","7.59","7.59",,,"54.8","54.8",,,"22.12","22.12",,,,,"41.688699041017024","-87.63708150083987","POINT (-87.63708150083987 41.688699041017024)","DRCQU4244_2026-06-19"
"DALBP5360","day","2025-09-20T00:00:00.000","Beverly 4",,,,,,,,,,,,,,,,,,,"17.26","13.11","29.36","15.1","89.0","62.0","35.09","35.09",,,"68.03","68.03",,,"23.59","23.59",,,,,"41.70569725","-87.67464569624644","POINT (-87.67464569624644 41.70569725)","DALBP5360_2025-09-20"
"DTVYY1142","day","2025-09-10T00:00:00.000","Lower West Side 3",,,,,,,,,,,,,,,,,,,"17.22","17.58","13.66","10.51","59.0","54.0","17.7","17.7",,,"48.44","48.44",,,"22.41","22.41",,,,,"41.85322215","-87.65232092746314","POINT (-87.65232092746314 41.85322215)","DTVYY1142_2025-09-10"
"DBTKW5792","day","2026-07-25T00:00:00.000","Austin 8",,,,,,,,,,,,,,,,,,,"11.9","15.21","16.96","11.03","66.0","55.0","23.06","23.06",,,"58.67","58.67",,,"24.28","24.28",,,,,"41.8912125","-87.76984190347045","POINT (-87.76984190347045 41.8912125)","DBTKW5792_2026-07-25"
"DJHFB1439","day","2026-09-26T00:00:00.000","South Deering 6",,,,,,,,,,,,,,,,,,,"15.05","14.2","11.81","8.26","56.0","46.0","13.9","13.9",,,"62.99","62.99",,,"17.35","17.35",,,,,"41.66730025","-87.56938199592918","POINT (-87.56938199592918 41.66730025)","DJHFB1439_2026-09-26"
"DFDFU1164","day","2026-04-02T00:00:00.000","Lower West Side 1",,,,,,,,,,,,,,,,,,,"16.25","16.4","30.8","12.69","91.0","58.0","26.47","26.47",,,"80.23","80.23",,,"10.1","10.1",,,,,"41.852656499999995","-87.68640576809067","POINT (-87.68640576809067 41.852656499999995)","DFDFU1164_2026-04-02"
"DUVHI0112","day","2026-07-25T00:00:00.000","Loop 1",,,,,,,,,,,,,,,,,,,"22.42","20.71","14.16","10.45","60.0","53.0","20.29","20.29",,,"58.4","58.4",,,"24.18","24.18",,,,,"41.88099208345538","-87.63680609400441","POINT (-87.63680609400441 41.88099208345538)","DUVHI0112_2026-07-25"
"DQABT4506","day","2026-01-16T00:00:00.000","Riverdale 2",,,,,,,,,,,,,,,,,,,"18.87","18.77","18.37","8.19","68.0","45.0","11.43","11.43",,,"73.75","73.75",,,"-1.87","-1.87",,,,,"41.66370695","-87.6054486089225","POINT (-87.6054486089225 41.66370695)","DQABT4506_2026-01-16"
"DUNKA8014","day","2026-08-26T00:00:00.000","North Park 3",,,,,,,,,,,,,,,,,,,"11.64","16.46","16.42","10.79","65.0","54.0","20.38","20.38",,,"54.69","54.69",,,"26.51","26.51",,,,,"41.9803401","-87.74288842798109","POINT (-87.74288842798109 41.9803401)","DUNKA8014_2026-08-26"
"DMMRS6981","day","2025-11-19T00:00:00.000","Forest Glen 1",,,,,,,,,,,,,,,,,,,"12.58","14.88","24.61","12.55","80.0","57.0","21.4","21.4",,,"75.41","75.41",,,"6.94","6.94",,,,,"42.00388875","-87.78008329520102","POINT (-87.78008329520102 42.00388875)","DMMRS6981_2025-11-19"
"DUSKD5383","day","2025-10-07T00:00:00.000","Dunning 2",,,,,,,,,,,,,,,,,,,"22.18","15.18","6.41","4.3","36.0","24.0","9.66","9.66",,,"79.72","79.72",,,"17.46","17.46",,,,,"41.9494264","-87.81722894476465","POINT (-87.81722894476465 41.9494264)","DUSKD5383_2025-10-07"
"DAPJK7781","day","2025-10-07T00:00:00.000","Near West Side 2",,,,,,,,,,,,,,,,,,,"13.2","11.6","6.19","4.48","34.0","24.0","8.96","8.96",,,"74.88","74.88",,,"18.92","18.92",,,,,"41.87791765","-87.66857540000001","POINT (-87.66857540000001 41.87791765)","DAPJK7781_2025-10-07"
"DMYFE2499","day","2026-09-05T00:00:00.000","North Lawndale 3",,,,,,,,,,,,,,,,,,,"18.24","14.39","18.69","10.9","69.0","54.0","25.52","25.52",,,"70.41","70.41",,,"28.06","28.06",,,,,"41.86563285","-87.70345920195152","POINT (-87.70345920195152 41.86563285)","DMYFE2499_2026-09-05"
"DTFVD6048","day","2026-04-02T00:00:00.000","Riverdale 1",,,,,,,,,,,,,,,,,,,"11.71","11.28","34.37","15.58","98.0","63.0","28.89","28.89",,,"85.0","85.0",,,"10.47","10.47",,,,,"41.67589005","-87.60362888146102","POINT (-87.60362888146102 41.67589005)","DTFVD6048_2026-04-02"
"DJIHM1001","day","2026-05-29T00:00:00.000","West Town 1",,,,,,,,,,,,,,,,,,,"17.3","20.25","4.86","6.44","27.0","36.0","9.11","9.11",,,"51.42","51.42",,,"20.96","20.96",,,,,"41.90832880000001","-87.69056941589595","POINT (-87.69056941589595 41.90832880000001)","DJIHM1001_2026-05-29"
"DDZMI3291","day","2025-09-10T00:00:00.000","Lower West Side 5",,,,,,,,,,,,,,,,,,,"14.83","14.87","15.54","11.32","63.0","55.0","19.96","19.96",,,"46.47","46.47",,,"23.08","23.08",,,,,"41.84077025","-87.6863176523946","POINT (-87.6863176523946 41.84077025)","DDZMI3291_2025-09-10"
"DIBVR6629","day","2025-10-10T00:00:00.000","Beverly 2",,,,,,,,,,,,,,,,,,,"13.12","13.54","8.62","6.55","48.0","36.0","10.16","10.16",,,"59.65","59.65",,,"14.29","14.29",,,,,"41.719080149999996","-87.67444563166188","POINT (-87.67444563166188 41.719080149999996)","DIBVR6629_2025-10-10"
"DCABM0358","day","2025-09-21T00:00:00.000","South Lawndale 6",,,,,,,,,,,,,,,,,,,"17.16","14.55","30.48","15.51","91.0","63.0","37.28","37.28",,,"73.05","73.05",,,"23.49","23.49",,,,,"41.840363100000005","-87.73770467096696","POINT (-87.73770467096696 41.840363100000005)","DCABM0358_2025-09-21"
"DFAQM2360","day","2025-12-11T00:00:00.000","Englewood 1",,,,,,,,,,,,,,,,,,,"19.15","16.87","15.36","9.72","63.0","52.0","13.53","13.53",,,"63.12","63.12",,,"-1.84","-1.84",,,,,"41.78968585","-87.65259587249278","POINT (-87.65259587249278 41.78968585)","DFAQM2360_2025-12-11"
"DGZUS1041","day","2026-03-30T00:00:00.000","East Side 1",,,,,,,,,,,,,,,,,,,"13.53","20.57","14.98","10.85","62.0","54.0","17.93","17.93",,,"48.09","48.09",,,"17.93","17.93",,,,,"41.726048000000006","-87.53635402286871","POINT (-87.53635402286871 41.726048000000006)","DGZUS1041_2026-03-30"
"DAWAP1896","day","2026-09-17T00:00:00.000","Greater Grand Crossing 5",,,,,,,,,,,,,,,,,,,"19.2","15.4","13.91","7.05","60.0","39.0","17.22","17.22",,,"82.06","82.06",,,"23.34","23.34",,,,,"41.7516673","-87.61940269812234","POINT (-87.61940269812234 41.7516673)","DAWAP1896_2026-09-17"
"DPWHE0976","day","2026-06-16T00:00:00.000","Fuller Park 1",,,,,,,,,,,,,,,,,,,"10.72","13.95","1.9","4.15","11.0","23.0","3.75","3.75",,,"47.75","47.75",,,"22.27","22.27",,,,,"41.81472425","-87.63492704556565","POINT (-87.63492704556565 41.81472425)","DPWHE0976_2026-06-16"
"DLUKV4510","day","2025-11-20T00:00:00.000","Calumet Heights 3",,,,,,,,,,,,,,,,,,,"19.18","18.98","60.83","23.49","155.0","78.0","43.47","43.47",,,"82.41","82.41",,,"7.45","7.45",,,,,"41.72602304045317","-87.55256172786454","POINT (-87.55256172786454 41.72602304045317)","DLUKV4510_2025-11-20"
"DBIRF2035","day","2026-06-20T00:00:00.000","Gage Park 4",,,,,,,,,,,,,,,,,,,"15.85","14.23","6.41","7.4","36.0","41.0","11.47","11.47",,,"48.77","48.77",,,"24.9","24.9",,,,,"41.79007765","-87.70310395085426","POINT (-87.70310395085426 41.79007765)","DBIRF2035_2026-06-20"
"DYWEY8508","day","2026-04-04T00:00:00.000","Lake View 2",,,,,,,,,,,,,,,,,,,"13.78","12.91","19.51","9.68","70.0","52.0","16.93","16.93",,,"81.2","81.2",,,"8.35","8.35",,,,,"41.9485634","-87.65401427559598","POINT (-87.65401427559598 41.9485634)","DYWEY8508_2026-04-04"
"DJWGZ0445","day","2025-11-21T00:00:00.000","Grand Boulevard 1",,,,,,,,,,,,,,,,,,,"28.95","16.28","37.4","16.71","106.0","65.0","34.35","34.35",,,"77.47","77.47",,,"8.64","8.64",,,,,"41.814588650000005","-87.61885441047625","POINT (-87.61885441047625 41.814588650000005)","DJWGZ0445_2025-11-21"
"DVPEA0040","day","2025-09-19T00:00:00.000","Auburn Gresham 1",,,,,,,,,,,,,,,,,,,"14.17","15.75","22.71","15.11","76.0","62.0","31.86","31.86",,,"56.83","56.83",,,"25.31","25.31",,,,,"41.75224785","-87.66918975845675","POINT (-87.66918975845675 41.75224785)","DVPEA0040_2025-09-19"
"DDQNT6485","day","2026-01-14T00:00:00.000","Armour Square 1",,,,,,,,,,,,,,,,,,,"15.57","12.03","3.52","4.3","19.0","24.0","3.78","3.78",,,"66.41","66.41",,,"1.7","1.7",,,,,"41.85262982537949","-87.63531098320047","POINT (-87.63531098320047 41.85262982537949)","DDQNT6485_2026-01-14"
"DGGGM0466","day","2026-01-14T00:00:00.000","Bridgeport 1",,,,,,,,,,,,,,,,,,,"11.49","11.56","3.94","4.0","22.0","22.0","3.56","3.56",,,"66.95","66.95",,,"1.81","1.81",,,,,"41.840132100000005","-87.65224955235848","POINT (-87.65224955235848 41.840132100000005)","DGGGM0466_2026-01-14"
"DMIYV7889","day","2026-01-13T00:00:00.000","O'Hare 2",,,,,,,,,,,,,,,,,,,"15.26","19.06","10.33","6.63","53.0","37.0","8.57","8.57",,,"68.96","68.96",,,"5.1","5.1",,,,,"41.96313028153143","-87.85304850279294","POINT (-87.85304850279294 41.96313028153143)","DMIYV7889_2026-01-13"
"DWEIE9311","day","2026-06-19T00:00:00.000","Bridgeport 2",,,,,,,,,,,,,,,,,,,"13.62","15.33","6.52","5.95","36.0","33.0","8.99","8.99",,,"53.17","53.17",,,"21.97","21.97",,,,,"41.8278059","-87.65209362442712","POINT (-87.65209362442712 41.8278059)","DWEIE9311_2026-06-19"
"DFNBI6922","day","2025-10-09T00:00:00.000","Mount Greenwood 2",,,,,,,,,,,,,,,,,,,"16.55","14.46","5.68","4.84","31.0","27.0","6.78","6.78",,,"64.56","64.56",,,"12.66","12.66",,,,,"41.69236885","-87.71085274557561","POINT (-87.71085274557561 41.69236885)","DFNBI6922_2025-10-09"
"DJGDZ3688","day","2026-06-19T00:00:00.000","Roseland 3",,,,,,,,,,,,,,,,,,,"12.77","14.47","3.9","5.24","22.0","29.0","7.32","7.32",,,"56.95","56.95",,,"21.51","21.51",,,,,"41.70133845","-87.61992013972267","POINT (-87.61992013972267 41.70133845)","DJGDZ3688_2026-06-19"
"DJHFB1439","day","2025-10-09T00:00:00.000","South Deering 6",,,,,,,,,,,,,,,,,,,"13.5","12.99","4.81","4.87","27.0","27.0","5.29","5.29",,,"58.77","58.77",,,"13.89","13.89",,,,,"41.66730025","-87.56938199592918","POINT (-87.56938199592918 41.66730025)","DJHFB1439_2025-10-09"
"DAWAP1896","day","2025-12-10T00:00:00.000","Greater Grand Crossing 5",,,,,,,,,,,,,,,,,,,"15.65","14.42","26.58","10.66","83.0","54.0","18.18","18.18",,,"80.13","80.13",,,"2.64","2.64",,,,,"41.7516673","-87.61940269812234","POINT (-87.61940269812234 41.7516673)","DAWAP1896_2025-12-10"
"DEYGE9157","day","2026-01-16T00:00:00.000","South Deering 10",,,,,,,,,,,,,,,,,,,"12.05","14.18","10.34","5.71","53.0","32.0","6.15","6.15",,,"73.13","73.13",,,"-1.95","-1.95",,,,,"41.7014031","-87.5703907","POINT (-87.5703907 41.7014031)","DEYGE9157_2026-01-16"
"DHIBT9527","day","2026-01-15T00:00:00.000","Near West Side 7",,,,,,,,,,,,,,,,,,,"14.61","10.58","3.0","4.32","17.0","24.0","2.03","2.03",,,"57.04","57.04",,,"-5.93","-5.93",,,,,"41.865836099999996","-87.68536886590425","POINT (-87.68536886590425 41.865836099999996)","DHIBT9527_2026-01-15"
"DMSGP0807","day","2025-10-07T00:00:00.000","Norwood Park 6",,,,,,,,,,,,,,,,,,,"14.59","13.2","7.17","5.25","39.0","29.0","10.79","10.79",,,"79.41","79.41",,,"17.4","17.4",,,,,"41.97668455","-87.83490487434239","POINT (-87.83490487434239 41.97668455)","DMSGP0807_2025-10-07"
"DPCUT7707","day","2026-01-15T00:00:00.000","Loop 2",,,,,,,,,,,,,,,,,,,"19.67","17.26","2.25","3.99","12.0","22.0","1.67","1.67",,,"56.28","56.28",,,"-5.84","-5.84",,,,,"41.88090137336072","-87.61873552600863","POINT (-87.61873552600863 41.88090137336072)","DPCUT7707_2026-01-15"
"DKWDP4373","day","2026-06-18T00:00:00.000","Lake View 4",,,,,,,,,,,,,,,,,,,"8.26","11.68","5.21","5.62","29.0","31.0","10.63","10.63",,,"63.68","63.68",,,"21.63","21.63",,,,,"41.93506775","-87.65427066335096","POINT (-87.65427066335096 41.93506775)","DKWDP4373_2026-06-18"
"DYDVV6312","day","2026-05-27T00:00:00.000","Humboldt Park 2",,,,,,,,,,,,,,,,,,,"19.58","22.07","14.15","11.84","60.0","56.0","21.53","21.53",,,"46.41","46.41",,,"25.08","25.08",,,,,"41.903467449999994","-87.7191087122595","POINT (-87.7191087122595 41.903467449999994)","DYDVV6312_2026-05-27"
"DMYFE2499","day","2026-01-16T00:00:00.000","North Lawndale 3",,,,,,,,,,,,,,,,,,,"18.34","16.23","19.5","8.56","70.0","47.0","11.98","11.98",,,"72.27","72.27",,,"-1.73","-1.73",,,,,"41.86563285","-87.70345920195152","POINT (-87.70345920195152 41.86563285)","DMYFE2499_2026-01-16"
"DWMUZ3935","day","2025-12-07T00:00:00.000","Lincoln Square 2",,,,,,,,,,,,,,,,,,,"18.04","15.14","31.7","15.92","93.0","64.0","18.65","18.65",,,"77.08","77.08",,,"-0.53","-0.53",,,,,"41.962318350000004","-87.69021417611607","POINT (-87.69021417611607 41.962318350000004)","DWMUZ3935_2025-12-07"
"DVWMK9661","day","2026-08-27T00:00:00.000","Humboldt Park 4",,,,,,,,,,,,,,,,,,,"11.14","13.66","14.47","10.17","61.0","53.0","20.5","20.5",,,"57.22","57.22",,,"25.79","25.79",,,,,"41.89083265","-87.71959863710754","POINT (-87.71959863710754 41.89083265)","DVWMK9661_2026-08-27"
"DIFPQ7419","day","2025-11-15T00:00:00.000","Avondale 2",,,,,,,,,,,,,,,,,,,"20.79","17.45","18.92","10.9","69.0","54.0","25.47","25.47",,,"66.53","66.53",,,"18.28","18.28",,,,,"41.93555175","-87.6910915509286","POINT (-87.6910915509286 41.93555175)","DIFPQ7419_2025-11-15"
"DFRSA4000","day","2026-04-02T00:00:00.000","Near North Side 3",,,,,,,,,,,,,,,,,,,"13.59","17.86","31.58","12.2","93.0","57.0","24.68","24.68",,,"86.49","86.49",,,"7.77","7.77",,,,,"41.895441649999995","-87.61824483303101","POINT (-87.61824483303101 41.895441649999995)","DFRSA4000_2026-04-02"
"DJSLY4013","day","2026-09-17T00:00:00.000","South Lawndale 1",,,,,,,,,,,,,,,,,,,"21.66","21.73","19.3","9.52","70.0","52.0","22.93","22.93",,,"78.03","78.03",,,"23.56","23.56",,,,,"41.85292095","-87.7031106219689","POINT (-87.7031106219689 41.85292095)","DJSLY4013_2026-09-17"
"DGEPF8361","day","2026-09-05T00:00:00.000","Washington HS Collocation 3",,,,,,,,,,,,,,,,,,,"14.6","12.14","6.92","5.39","38.0","29.0","10.08","10.08",,,"71.44","71.44",,,"27.74","27.74",,,,,"41.687495","-87.538083","POINT (-87.538083 41.687495)","DGEPF8361_2026-09-05"
"DIHMX0551","day","2026-04-06T00:00:00.000","Humboldt Park 3",,,,,,,,,,,,,,,,,,,"11.82","12.93","8.97","7.57","49.0","42.0","8.62","8.62",,,"58.52","58.52",,,"8.94","8.94",,,,,"41.891075","-87.70279956945122","POINT (-87.70279956945122 41.891075)","DIHMX0551_2026-04-06"
"DMMRS6981","day","2026-05-29T00:00:00.000","Forest Glen 1",,,,,,,,,,,,,,,,,,,"10.59","13.03","3.77","5.74","21.0","32.0","8.22","8.22",,,"53.25","53.25",,,"20.23","20.23",,,,,"42.00388875","-87.78008329520102","POINT (-87.78008329520102 42.00388875)","DMMRS6981_2026-05-29"
"DKXFR1580","day","2026-01-13T00:00:00.000","Logan Square 4",,,,,,,,,,,,,,,,,,,"18.0","17.82","15.84","8.66","63.0","48.0","12.4","12.4",,,"66.75","66.75",,,"5.54","5.54",,,,,"41.91611105","-87.71889889177663","POINT (-87.71889889177663 41.91611105)","DKXFR1580_2026-01-13"
"DAHAJ0678","day","2025-10-08T00:00:00.000","Ashburn 1",,,,,,,,,,,,,,,,,,,"16.19","16.02","6.58","6.0","36.0","33.0","8.72","8.72",,,"66.32","66.32",,,"13.99","13.99",,,,,"41.7522794","-87.73751065","POINT (-87.73751065 41.7522794)","DAHAJ0678_2025-10-08"
"DVPEA0040","day","2025-11-18T00:00:00.000","Auburn Gresham 1",,,,,,,,,,,,,,,,,,,"19.15","17.99","23.7","13.56","78.0","59.0","21.66","21.66",,,"71.49","71.49",,,"5.96","5.96",,,,,"41.75224785","-87.66918975845675","POINT (-87.66918975845675 41.75224785)","DVPEA0040_2025-11-18"
"DFVRF7063","day","2025-10-08T00:00:00.000","Austin 2",,,,,,,,,,,,,,,,,,,"15.52","13.54","9.92","6.52","52.0","36.0","10.26","10.26",,,"63.5","63.5",,,"14.54","14.54",,,,,"41.90386395","-87.75296686301743","POINT (-87.75296686301743 41.90386395)","DFVRF7063_2025-10-08"
"DTFVD6048","day","2026-01-13T00:00:00.000","Riverdale 1",,,,,,,,,,,,,,,,,,,"11.69","13.49","16.05","9.28","64.0","51.0","12.77","12.77",,,"70.88","70.88",,,"4.61","4.61",,,,,"41.67589005","-87.60362888146102","POINT (-87.60362888146102 41.67589005)","DTFVD6048_2026-01-13"
"DFDVG9143","day","2026-01-17T00:00:00.000","Pullman 3",,,,,,,,,,,,,,,,,,,"5.72","9.07","4.31","5.07","24.0","28.0","2.69","2.69",,,"56.86","56.86",,,"-5.36","-5.36",,,,,"41.70084025","-87.60406122014103","POINT (-87.60406122014103 41.70084025)","DFDVG9143_2026-01-17"
"DFKYH6865","day","2025-11-17T00:00:00.000","Morgan Park 1",,,,,,,,,,,,,,,,,,,"20.7","21.4","5.82","7.98","32.0","44.0","5.84","5.84",,,"44.95","44.95",,,"5.14","5.14",,,,,"41.69223635","-87.67489329295597","POINT (-87.67489329295597 41.69223635)","DFKYH6865_2025-11-17"
"DUNKA8014","day","2026-04-04T00:00:00.000","North Park 3",,,,,,,,,,,,,,,,,,,"11.58","11.22","22.27","8.43","75.0","47.0","16.92","16.92",,,"80.77","80.77",,,"8.05","8.05",,,,,"41.9803401","-87.74288842798109","POINT (-87.74288842798109 41.9803401)","DUNKA8014_2026-04-04"
"DUUZN2841","day","2026-01-14T00:00:00.000","Logan Square 3",,,,,,,,,,,,,,,,,,,"17.26","12.09","2.67","4.92","14.0","27.0","4.36","4.36",,,"66.14","66.14",,,"1.73","1.73",,,,,"41.9218112","-87.6906365784621","POINT (-87.6906365784621 41.9218112)","DUUZN2841_2026-01-14"
"DWRMS8182","day","2026-05-31T00:00:00.000","South Chicago 1",,,,,,,,,,,,,,,,,,,"11.7","16.29","4.98","5.92","27.0","33.0","7.78","7.78",,,"54.88","54.88",,,"17.91","17.91",,,,,"41.7514325","-87.56903725190702","POINT (-87.56903725190702 41.7514325)","DWRMS8182_2026-05-31"
"DKISS7174","day","2026-07-21T00:00:00.000","West Elsdon 2",,,,,,,,,,,,,,,,,,,"14.66","15.82","26.85","17.17","84.0","66.0","38.58","38.58",,,"61.59","61.59",,,"28.22","28.22",,,,,"41.7898683","-87.72002286796209","POINT (-87.72002286796209 41.7898683)","DKISS7174_2026-07-21"
"DPQMK5751","day","2026-06-19T00:00:00.000","Avondale 1",,,,,,,,,,,,,,,,,,,"16.74","16.05","5.25","5.74","29.0","32.0","8.85","8.85",,,"49.2","49.2",,,"23.45","23.45",,,,,"41.941301100000004","-87.7184245347691","POINT (-87.7184245347691 41.941301100000004)","DPQMK5751_2026-06-19"
"DRRDD3500","day","2026-01-16T00:00:00.000","Hegewisch 6",,,,,,,,,,,,,,,,,,,"26.79","17.56","17.19","7.84","66.0","43.0","11.11","11.11",,,"72.93","72.93",,,"-1.97","-1.97",,,,,"41.66298535","-87.55350110056347","POINT (-87.55350110056347 41.66298535)","DRRDD3500_2026-01-16"
"DAPBK7657","day","2025-09-21T00:00:00.000","South Lawndale 2",,,,,,,,,,,,,,,,,,,"16.02","14.72","30.63","14.52","91.0","61.0","36.0","36.0",,,"72.33","72.33",,,"23.56","23.56",,,,,"41.8402538","-87.70343516174668","POINT (-87.70343516174668 41.8402538)","DAPBK7657_2025-09-21"
"DBMHJ0743","day","2025-09-20T00:00:00.000","Archer Heights 4",,,,,,,,,,,,,,,,,,,"21.04","12.25","29.46","15.94","89.0","64.0","37.57","37.57",,,"64.82","64.82",,,"24.21","24.21",,,,,"41.802709500000006","-87.7373057324682","POINT (-87.7373057324682 41.802709500000006)","DBMHJ0743_2025-09-20"
"DATLR2184","day","2026-06-20T00:00:00.000","Brighton Park 1",,,,,,,,,,,,,,,,,,,"15.39","17.64","3.43","5.5","19.0","31.0","7.15","7.15",,,"49.35","49.35",,,"24.01","24.01",,,,,"41.82784155","-87.70286514736534","POINT (-87.70286514736534 41.82784155)","DATLR2184_2026-06-20"
"DWMUZ3935","day","2026-05-29T00:00:00.000","Lincoln Square 2",,,,,,,,,,,,,,,,,,,"11.66","13.27","5.41","6.68","30.0","37.0","10.07","10.07",,,"54.73","54.73",,,"20.15","20.15",,,,,"41.962318350000004","-87.69021417611607","POINT (-87.69021417611607 41.962318350000004)","DWMUZ3935_2026-05-29"
"DCYXM8877","day","2026-04-02T00:00:00.000","Dunning 1",,,,,,,,,,,,,,,,,,,"11.89","14.93","29.56","15.02","89.0","62.0","27.59","27.59",,,"84.2","84.2",,,"8.99","8.99",,,,,"41.94945715","-87.83511784539533","POINT (-87.83511784539533 41.94945715)","DCYXM8877_2026-04-02"
"DFVRF7063","day","2026-08-26T00:00:00.000","Austin 2",,,,,,,,,,,,,,,,,,,"15.46","16.47","16.59","10.9","65.0","54.0","20.31","20.31",,,"54.29","54.29",,,"26.22","26.22",,,,,"41.90386395","-87.75296686301743","POINT (-87.75296686301743 41.90386395)","DFVRF7063_2026-08-26"
"DKTWP2892","day","2025-10-12T00:00:00.000","East Side 3",,,,,,,,,,,,,,,,,,,"11.09","10.88","6.79","5.24","37.0","29.0","7.62","7.62",,,"65.79","65.79",,,"15.82","15.82",,,,,"41.7006795","-87.53620860009178","POINT (-87.53620860009178 41.7006795)","DKTWP2892_2025-10-12"
"DUXLQ7589","day","2025-10-14T00:00:00.000","Albany Park 1",,,,,,,,,,,,,,,,,,,"16.92","15.49","24.31","13.78","79.0","60.0","33.76","33.76",,,"74.07","74.07",,,"18.03","18.03",,,,,"41.9752872","-87.72557704250946","POINT (-87.72557704250946 41.9752872)","DUXLQ7589_2025-10-14"
"DFKYH6865","day","2026-09-17T00:00:00.000","Morgan Park 1",,,,,,,,,,,,,,,,,,,"17.63","15.77","15.13","8.49","62.0","47.0","18.03","18.03",,,"81.65","81.65",,,"23.64","23.64",,,,,"41.69223635","-87.67489329295597","POINT (-87.67489329295597 41.69223635)","DFKYH6865_2026-09-17"
"DWKUZ0134","day","2026-08-02T00:00:00.000","Schiller Park Collocation 1",,,,,,,,,,,,,,,,,,,"15.71","9.87","23.02","10.39","77.0","53.0","27.67","27.67",,,"78.22","78.22",,,"22.73","22.73",,,,,"41.965175","-87.876252","POINT (-87.876252 41.965175)","DWKUZ0134_2026-08-02"
"DIBVR6629","day","2025-10-12T00:00:00.000","Beverly 2",,,,,,,,,,,,,,,,,,,"10.78","10.94","7.29","5.5","40.0","31.0","8.98","8.98",,,"65.68","65.68",,,"15.28","15.28",,,,,"41.719080149999996","-87.67444563166188","POINT (-87.67444563166188 41.719080149999996)","DIBVR6629_2025-10-12"
"DKDJK5693","day","2026-01-15T00:00:00.000","Roseland 1",,,,,,,,,,,,,,,,,,,"16.21","19.26","1.14","5.0","6.0","28.0","2.25","2.25",,,"58.75","58.75",,,"-6.21","-6.21",,,,,"41.726565","-87.61949170539359","POINT (-87.61949170539359 41.726565)","DKDJK5693_2026-01-15"
"DLFZU4679","day","2026-06-16T00:00:00.000","West Englewood 2",,,,,,,,,,,,,,,,,,,"17.8","15.97","1.92","4.13","11.0","23.0","3.86","3.86",,,"49.07","49.07",,,"22.43","22.43",,,,,"41.777212500000005","-87.66997231765325","POINT (-87.66997231765325 41.777212500000005)","DLFZU4679_2026-06-16"
"DFCTF9310","day","2026-04-05T00:00:00.000","Washington Heights 4",,,,,,,,,,,,,,,,,,,"8.52","8.08","3.58","4.62","19.0","26.0","4.31","4.31",,,"55.43","55.43",,,"7.36","7.36",,,,,"41.701536071848494","-87.65364411744643","POINT (-87.65364411744643 41.701536071848494)","DFCTF9310_2026-04-05"
"DJCYU2364","day","2025-09-10T00:00:00.000","Douglas 2",,,,,,,,,,,,,,,,,,,"23.87","16.68","10.0","9.21","53.0","51.0","17.61","17.61",,,"50.79","50.79",,,"22.4","22.4",,,,,"41.82725075","-87.61890358618274","POINT (-87.61890358618274 41.82725075)","DJCYU2364_2025-09-10"
"DLJWW1620","day","2025-09-20T00:00:00.000","Englewood 2",,,,,,,,,,,,,,,,,,,"20.55","19.53","30.34","16.31","90.0","64.0","39.56","39.56",,,"66.99","66.99",,,"23.92","23.92",,,,,"41.78957595","-87.63489407489742","POINT (-87.63489407489742 41.78957595)","DLJWW1620_2025-09-20"
"DPMWW4120","day","2025-09-21T00:00:00.000","Garfield Ridge 3",,,,,,,,,,,,,,,,,,,"19.87","14.51","27.25","13.02","85.0","58.0","33.01","33.01",,,"73.19","73.19",,,"23.44","23.44",,,,,"41.7872597","-87.78189702338281","POINT (-87.78189702338281 41.7872597)","DPMWW4120_2025-09-21"
"DMSGP0807","day","2025-09-19T00:00:00.000","Norwood Park 6",,,,,,,,,,,,,,,,,,,"16.2","19.24","22.85","14.65","77.0","61.0","32.05","32.05",,,"60.21","60.21",,,"25.02","25.02",,,,,"41.97668455","-87.83490487434239","POINT (-87.83490487434239 41.97668455)","DMSGP0807_2025-09-19"
"DLUKV4510","day","2025-12-15T00:00:00.000","Calumet Heights 3",,,,,,,,,,,,,,,,,,,"8.26","12.49","17.54","10.0","67.0","53.0","9.06","9.06",,,"61.31","61.31",,,"-11.35","-11.35",,,,,"41.72602304045317","-87.55256172786454","POINT (-87.55256172786454 41.72602304045317)","DLUKV4510_2025-12-15"
"DPMWW4120","day","2026-06-01T00:00:00.000","Garfield Ridge 3",,,,,,,,,,,,,,,,,,,"22.48","19.28","6.35","6.17","35.0","34.0","8.53","8.53",,,"48.79","48.79",,,"19.15","19.15",,,,,"41.7872597","-87.78189702338281","POINT (-87.78189702338281 41.7872597)","DPMWW4120_2026-06-01"
"DITUY8368","day","2026-03-28T00:00:00.000","West Ridge 5",,,,,,,,,,,,,,,,,,,"8.17","8.1","8.09","6.95","44.0","38.0","7.29","7.29",,,"51.62","51.62",,,"2.94","2.94",,,,,"41.989107849999996","-87.7079485114359","POINT (-87.7079485114359 41.989107849999996)","DITUY8368_2026-03-28"
"DWCTD3003","day","2025-10-08T00:00:00.000","East Side 4",,,,,,,,,,,,,,,,,,,"17.32","13.54","6.63","5.09","37.0","28.0","7.58","7.58",,,"64.23","64.23",,,"14.97","14.97",,,,,"41.68755215","-87.53597050294346","POINT (-87.53597050294346 41.68755215)","DWCTD3003_2025-10-08"
"DMLRY2750","day","2026-01-16T00:00:00.000","North Park 1",,,,,,,,,,,,,,,,,,,"2.83","13.09","16.04","7.26","64.0","40.0","10.11","10.11",,,"73.48","73.48",,,"-1.86","-1.86",,,,,"41.98888865000001","-87.72522068117541","POINT (-87.72522068117541 41.98888865000001)","DMLRY2750_2026-01-16"
"DXUQX7513","day","2025-09-16T00:00:00.000","Ashburn 8",,,,,,,,,,,,,,,,,,,"12.95","16.59","21.22","12.68","74.0","58.0","27.97","27.97",,,"57.92","57.92",,,"23.58","23.58",,,,,"41.73966255","-87.73740646471919","POINT (-87.73740646471919 41.73966255)","DXUQX7513_2025-09-16"
"DGKDK3415","day","2026-06-16T00:00:00.000","Irving Park 4",,,,,,,,,,,,,,,,,,,"9.51","11.47","2.02","4.26","11.0","23.0","4.36","4.36",,,"47.35","47.35",,,"22.7","22.7",,,,,"41.941522899999995","-87.73560494297779","POINT (-87.73560494297779 41.941522899999995)","DGKDK3415_2026-06-16"
"DIUDG6358","day","2025-09-22T00:00:00.000","North Lawndale 5",,,,,,,,,,,,,,,,,,,"12.08","17.16","16.98","9.83","66.0","52.0","19.59","19.59",,,"64.55","64.55",,,"24.08","24.08",,,,,"41.8528468","-87.7363577","POINT (-87.7363577 41.8528468)","DIUDG6358_2025-09-22"
"DKHYU9123","day","2025-09-18T00:00:00.000","Clearing 3",,,,,,,,,,,,,,,,,,,"27.36","20.2","28.22","15.6","87.0","63.0","36.43","36.43",,,"60.6","60.6",,,"23.96","23.96",,,,,"41.7775443","-87.7539507010849","POINT (-87.7539507010849 41.7775443)","DKHYU9123_2025-09-18"
"DITUM6528","day","2026-06-18T00:00:00.000","Near West Side 1",,,,,,,,,,,,,,,,,,,"6.32","10.55","7.21","5.73","40.0","32.0","11.54","11.54",,,"63.05","63.05",,,"22.03","22.03",,,,,"41.878339049999994","-87.68552865180365","POINT (-87.68552865180365 41.878339049999994)","DITUM6528_2026-06-18"
"DFEAJ0038","day","2026-07-25T00:00:00.000","Hegewisch 2",,,,,,,,,,,,,,,,,,,"12.05","11.03","15.87","9.94","63.0","52.0","19.85","19.85",,,"64.36","64.36",,,"22.69","22.69",,,,,"41.6642805","-87.5373633","POINT (-87.5373633 41.6642805)","DFEAJ0038_2026-07-25"
"DKUAZ4434","day","2026-07-25T00:00:00.000","West Ridge 1",,,,,,,,,,,,,,,,,,,"14.05","14.89","15.49","10.3","63.0","53.0","21.18","21.18",,,"58.71","58.71",,,"24.52","24.52",,,,,"42.01665715","-87.7077947","POINT (-87.7077947 42.01665715)","DKUAZ4434_2026-07-25"
"DWMLU4849","day","2025-11-21T00:00:00.000","Portage Park 4",,,,,,,,,,,,,,,,,,,"16.46","13.7","39.14","19.23","110.0","70.0","29.95","29.95",,,"77.01","77.01",,,"8.47","8.47",,,,,"41.94171985","-87.75242624360101","POINT (-87.75242624360101 41.94171985)","DWMLU4849_2025-11-21"
"DGZUS1041","day","2025-09-17T00:00:00.000","East Side 1",,,,,,,,,,,,,,,,,,,"8.13","11.46","22.49","10.92","76.0","54.0","25.91","25.91",,,"72.0","72.0",,,"22.53","22.53",,,,,"41.726048000000006","-87.53635402286871","POINT (-87.53635402286871 41.726048000000006)","DGZUS1041_2025-09-17"
"DIBVR6629","day","2026-08-27T00:00:00.000","Beverly 2",,,,,,,,,,,,,,,,,,,"14.6","15.76","16.27","10.57","64.0","54.0","22.23","22.23",,,"58.02","58.02",,,"25.51","25.51",,,,,"41.719080149999996","-87.67444563166188","POINT (-87.67444563166188 41.719080149999996)","DIBVR6629_2026-08-27"
"DAPJK7781","day","2025-10-11T00:00:00.000","Near West Side 2",,,,,,,,,,,,,,,,,,,"12.27","12.32","6.52","5.59","36.0","31.0","8.85","8.85",,,"60.77","60.77",,,"17.34","17.34",,,,,"41.87791765","-87.66857540000001","POINT (-87.66857540000001 41.87791765)","DAPJK7781_2025-10-11"
"DFMDU1576","day","2026-04-04T00:00:00.000","Greater Grand Crossing 1",,,,,,,,,,,,,,,,,,,"15.02","11.48","21.84","10.2","75.0","53.0","17.81","17.81",,,"80.96","80.96",,,"9.07","9.07",,,,,"41.7770346","-87.61823783345807","POINT (-87.61823783345807 41.7770346)","DFMDU1576_2026-04-04"
"DUDWN9545","day","2026-06-18T00:00:00.000","Ashburn 2",,,,,,,,,,,,,,,,,,,"10.99","12.07","4.9","5.23","27.0","29.0","9.96","9.96",,,"66.06","66.06",,,"21.57","21.57",,,,,"41.75226525","-87.72071577078817","POINT (-87.72071577078817 41.75226525)","DUDWN9545_2026-06-18"
"DATLR2184","day","2025-11-20T00:00:00.000","Brighton Park 1",,,,,,,,,,,,,,,,,,,"19.82","15.59","52.25","25.75","142.0","82.0","36.14","36.14",,,"80.08","80.08",,,"7.92","7.92",,,,,"41.82784155","-87.70286514736534","POINT (-87.70286514736534 41.82784155)","DATLR2184_2025-11-20"
"DYLLV9237","day","2025-10-11T00:00:00.000","Portage Park 5",,,,,,,,,,,,,,,,,,,"18.17","16.02","8.39","6.93","46.0","38.0","10.81","10.81",,,"64.95","64.95",,,"16.1","16.1",,,,,"41.94900945","-87.76278188336448","POINT (-87.76278188336448 41.94900945)","DYLLV9237_2025-10-11"
"DQRVM2041","day","2025-09-10T00:00:00.000","West Englewood 3",,,,,,,,,,,,,,,,,,,"17.05","20.12","13.94","10.59","60.0","54.0","19.64","19.64",,,"46.87","46.87",,,"22.71","22.71",,,,,"41.764333050000005","-87.67013475649105","POINT (-87.67013475649105 41.764333050000005)","DQRVM2041_2025-09-10"
"DEIDA3268","day","2026-05-30T00:00:00.000","Near North Side 1",,,,,,,,,,,,,,,,,,,"13.77","13.22","13.58","10.51","59.0","54.0","20.48","20.48",,,"54.54","54.54",,,"19.86","19.86",,,,,"41.908086850000004","-87.65476058225389","POINT (-87.65476058225389 41.908086850000004)","DEIDA3268_2026-05-30"
"DVPZF1960","day","2026-06-19T00:00:00.000","Near West Side 4",,,,,,,,,,,,,,,,,,,"21.64","26.0","3.69","5.38","20.0","29.0","6.95","6.95",,,"53.86","53.86",,,"21.25","21.25",,,,,"41.86523824401148","-87.6352269900566","POINT (-87.6352269900566 41.86523824401148)","DVPZF1960_2026-06-19"
"DBFUZ7169","day","2026-08-30T00:00:00.000","South Chicago 4",,,,,,,,,,,,,,,,,,,"9.94","15.02","23.68","13.39","78.0","59.0","28.08","28.08",,,"66.21","66.21",,,"24.67","24.67",,,,,"41.73860965","-87.55239535029682","POINT (-87.55239535029682 41.73860965)","DBFUZ7169_2026-08-30"
"DQZEA3135","day","2025-12-15T00:00:00.000","South Deering 8",,,,,,,,,,,,,,,,,,,"7.43","14.8","20.5","11.0","72.0","55.0","13.25","13.25",,,"62.02","62.02",,,"-11.9","-11.9",,,,,"41.68798065","-87.58826181539257","POINT (-87.58826181539257 41.68798065)","DQZEA3135_2025-12-15"
"DIPDE7442","day","2025-12-09T00:00:00.000","Schiller Park Collocation 3",,,,,,,,,,,,,,,,,,,"23.07","23.54","42.97","19.41","119.0","70.0","21.15","21.15",,,"73.31","73.31",,,"-1.93","-1.93",,,,,"41.965175","-87.876252","POINT (-87.876252 41.965175)","DIPDE7442_2025-12-09"
"DNFCT5518","day","2026-09-05T00:00:00.000","Roseland 6",,,,,,,,,,,,,,,,,,,"17.29","13.24","17.66","10.77","67.0","54.0","26.53","26.53",,,"68.05","68.05",,,"28.84","28.84",,,,,"41.70134325","-87.63695104338622","POINT (-87.63695104338622 41.70134325)","DNFCT5518_2026-09-05"
"DRDZF3698","day","2026-09-17T00:00:00.000","Austin 1",,,,,,,,,,,,,,,,,,,"25.01","18.21","16.11","7.85","64.0","43.0","18.13","18.13",,,"80.6","80.6",,,"22.84","22.84",,,,,"41.9157582","-87.76919201601461","POINT (-87.76919201601461 41.9157582)","DRDZF3698_2026-09-17"
"DEYGE9157","day","2025-11-13T00:00:00.000","South Deering 10",,,,,,,,,,,,,,,,,,,"20.37","23.86","6.73","6.2","37.0","34.0","6.02","6.02",,,"53.81","53.81",,,"8.03","8.03",,,,,"41.7014031","-87.5703907","POINT (-87.5703907 41.7014031)","DEYGE9157_2025-11-13"
"DWZPM1574","day","2026-01-14T00:00:00.000","West Town 5",,,,,,,,,,,,,,,,,,,"11.21","10.38","3.38","4.06","18.0","22.0","4.37","4.37",,,"65.23","65.23",,,"1.73","1.73",,,,,"41.89110265","-87.68577505408578","POINT (-87.68577505408578 41.89110265)","DWZPM1574_2026-01-14"
"DFNBI6922","day","2025-10-08T00:00:00.000","Mount Greenwood 2",,,,,,,,,,,,,,,,,,,"18.13","15.5","8.58","5.48","47.0","30.0","9.46","9.46",,,"69.21","69.21",,,"13.84","13.84",,,,,"41.69236885","-87.71085274557561","POINT (-87.71085274557561 41.69236885)","DFNBI6922_2025-10-08"
"DMHRT7456","day","2025-09-20T00:00:00.000","Chicago Lawn 3",,,,,,,,,,,,,,,,,,,"18.85","15.06","29.54","16.64","89.0","65.0","37.01","37.01",,,"62.1","62.1",,,"24.72","24.72",,,,,"41.76441945","-87.68673944937888","POINT (-87.68673944937888 41.76441945)","DMHRT7456_2025-09-20"
"DFCTF9310","day","2026-08-27T00:00:00.000","Washington Heights 4",,,,,,,,,,,,,,,,,,,"17.58","17.63","16.0","10.03","64.0","53.0","21.26","21.26",,,"60.23","60.23",,,"25.09","25.09",,,,,"41.701536071848494","-87.65364411744643","POINT (-87.65364411744643 41.701536071848494)","DFCTF9310_2026-08-27"
"DUGYZ8163","day","2025-10-10T00:00:00.000","Ashburn 4",,,,,,,,,,,,,,,,,,,"10.57","11.87","7.94","6.0","44.0","33.0","8.46","8.46",,,"61.22","61.22",,,"13.98","13.98",,,,,"41.7524136","-87.68538850711178","POINT (-87.68538850711178 41.7524136)","DUGYZ8163_2025-10-10"
"DVYCN4987","day","2026-06-18T00:00:00.000","Mayfair Collocation 2",,,,,,,,,,,,,,,,,,,"9.76","12.6","4.69","5.14","26.0","28.0","8.44","8.44",,,"63.48","63.48",,,"21.73","21.73",,,,,"41.964742","-87.749434","POINT (-87.749434 41.964742)","DVYCN4987_2026-06-18"
"DAUPG9028","day","2026-05-29T00:00:00.000","Portage Park 2",,,,,,,,,,,,,,,,,,,"8.72","13.76","4.26","6.11","23.0","34.0","8.78","8.78",,,"49.77","49.77",,,"20.87","20.87",,,,,"41.9627009","-87.76268011146504","POINT (-87.76268011146504 41.9627009)","DAUPG9028_2026-05-29"
"DQUUS8611","day","2026-09-05T00:00:00.000","West Town 4",,,,,,,,,,,,,,,,,,,"19.06","15.12","15.62","10.68","63.0","54.0","23.88","23.88",,,"68.24","68.24",,,"28.37","28.37",,,,,"41.8948325","-87.67276417877609","POINT (-87.67276417877609 41.8948325)","DQUUS8611_2026-09-05"
"DEPLW3142","day","2026-01-15T00:00:00.000","Greater Grand Crossing 3",,,,,,,,,,,,,,,,,,,"16.35","14.63","1.15","4.92","6.0","27.0","2.09","2.09",,,"55.55","55.55",,,"-5.23","-5.23",,,,,"41.7640476","-87.60243825440212","POINT (-87.60243825440212 41.7640476)","DEPLW3142_2026-01-15"
"DWZPM1574","day","2026-08-02T00:00:00.000","West Town 5",,,,,,,,,,,,,,,,,,,"7.55","9.66","23.38","11.15","77.0","55.0","29.54","29.54",,,"76.57","76.57",,,"23.02","23.02",,,,,"41.89110265","-87.68577505408578","POINT (-87.68577505408578 41.89110265)","DWZPM1574_2026-08-02"
"DKDJK5693","day","2025-12-14T00:00:00.000","Roseland 1",,,,,,,,,,,,,,,,,,,"14.3","15.49","5.59","7.15","31.0","39.0","4.6","4.6",,,"57.43","57.43",,,"-14.06","-14.06",,,,,"41.726565","-87.61949170539359","POINT (-87.61949170539359 41.726565)","DKDJK5693_2025-12-14"
"DMYFE2499","day","2026-08-30T00:00:00.000","North Lawndale 3",,,,,,,,,,,,,,,,,,,"16.83","14.01","23.13","12.7","77.0","58.0","28.5","28.5",,,"66.5","66.5",,,"24.78","24.78",,,,,"41.86563285","-87.70345920195152","POINT (-87.70345920195152 41.86563285)","DMYFE2499_2026-08-30"
"DZBKX0961","day","2026-06-16T00:00:00.000","Kenwood 1",,,,,,,,,,,,,,,,,,,"11.05","12.59","1.23","4.42","7.0","24.0","3.99","3.99",,,"48.78","48.78",,,"22.36","22.36",,,,,"41.8130536","-87.60098186266059","POINT (-87.60098186266059 41.8130536)","DZBKX0961_2026-06-16"
"DDFTD2975","day","2026-08-26T00:00:00.000","Washington HS Collocation 2",,,,,,,,,,,,,,,,,,,"13.88","14.19","17.24","11.25","66.0","55.0","22.3","22.3",,,"58.3","58.3",,,"25.41","25.41",,,,,"41.687495","-87.538083","POINT (-87.538083 41.687495)","DDFTD2975_2026-08-26"
"DCYXM8877","day","2025-11-16T00:00:00.000","Dunning 1",,,,,,,,,,,,,,,,,,,"6.06","11.16","0.94","4.92","5.0","27.0","2.8","2.8",,,"37.97","37.97",,,"8.9","8.9",,,,,"41.94945715","-87.83511784539533","POINT (-87.83511784539533 41.94945715)","DCYXM8877_2025-11-16"
"DIQKT3554","day","2026-01-14T00:00:00.000","Lincoln Park 1",,,,,,,,,,,,,,,,,,,"10.88","10.93","8.96","6.35","49.0","35.0","10.07","10.07",,,"67.2","67.2",,,"1.94","1.94",,,,,"41.92154965","-87.65448778150906","POINT (-87.65448778150906 41.92154965)","DIQKT3554_2026-01-14"
"DVYCN4987","day","2026-05-28T00:00:00.000","Mayfair Collocation 2",,,,,,,,,,,,,,,,,,,"11.52","12.48","4.45","6.17","24.0","34.0","8.2","8.2",,,"52.88","52.88",,,"18.55","18.55",,,,,"41.964742","-87.749434","POINT (-87.749434 41.964742)","DVYCN4987_2026-05-28"
"DWMLU4849","day","2026-08-30T00:00:00.000","Portage Park 4",,,,,,,,,,,,,,,,,,,"14.11","13.21","20.52","12.79","72.0","58.0","27.73","27.73",,,"64.13","64.13",,,"25.3","25.3",,,,,"41.94171985","-87.75242624360101","POINT (-87.75242624360101 41.94171985)","DWMLU4849_2026-08-30"
"DGRCH4426","day","2025-10-14T00:00:00.000","West Ridge 3",,,,,,,,,,,,,,,,,,,"21.61","14.07","26.01","13.07","82.0","58.0","33.51","33.51",,,"73.96","73.96",,,"18.59","18.59",,,,,"42.002902250000005","-87.6903495","POINT (-87.6903495 42.002902250000005)","DGRCH4426_2025-10-14"
"DZBKX0961","day","2025-12-12T00:00:00.000","Kenwood 1",,,,,,,,,,,,,,,,,,,"17.35","16.65","47.79","26.52","131.0","83.0","26.95","26.95",,,"67.09","67.09",,,"-1.47","-1.47",,,,,"41.8130536","-87.60098186266059","POINT (-87.60098186266059 41.8130536)","DZBKX0961_2025-12-12"
"DYHTK6723","day","2026-01-15T00:00:00.000","Chatham 1",,,,,,,,,,,,,,,,,,,"14.04","11.48","0.72","4.57","4.0","25.0","1.73","1.73",,,"58.71","58.71",,,"-6.22","-6.22",,,,,"41.739161550000006","-87.62026829999999","POINT (-87.62026829999999 41.739161550000006)","DYHTK6723_2026-01-15"
"DLNMW9381","day","2026-03-30T00:00:00.000","Washington Heights 5",,,,,,,,,,,,,,,,,,,"3.03","16.82","13.49","10.15","59.0","53.0","15.96","15.96",,,"47.0","47.0",,,"18.17","18.17",,,,,"41.7138256","-87.65385383114133","POINT (-87.65385383114133 41.7138256)","DLNMW9381_2026-03-30"
"DSHYP2656","day","2026-04-01T00:00:00.000","Auburn Gresham 2",,,,,,,,,,,,,,,,,,,"15.05","10.53","8.6","4.78","48.0","26.0","7.5","7.5",,,"77.32","77.32",,,"4.62","4.62",,,,,"41.75200485","-87.65331955036021","POINT (-87.65331955036021 41.75200485)","DSHYP2656_2026-04-01"
"DWEWU1433","day","2026-07-25T00:00:00.000","Austin 9",,,,,,,,,,,,,,,,,,,"12.38","14.95","16.39","11.27","64.0","55.0","23.17","23.17",,,"56.23","56.23",,,"25.04","25.04",,,,,"41.9037571","-87.76961617758381","POINT (-87.76961617758381 41.9037571)","DWEWU1433_2026-07-25"
"DUNKA8014","day","2025-11-14T00:00:00.000","North Park 3",,,,,,,,,,,,,,,,,,,"21.67","29.99","16.29","11.14","64.0","55.0","16.53","16.53",,,"50.75","50.75",,,"12.73","12.73",,,,,"41.9803401","-87.74288842798109","POINT (-87.74288842798109 41.9803401)","DUNKA8014_2025-11-14"
"DFRKF1779","day","2026-01-13T00:00:00.000","Norwood Park 2",,,,,,,,,,,,,,,,,,,"19.33","22.53","17.85","10.17","67.0","53.0","12.62","12.62",,,"67.84","67.84",,,"5.33","5.33",,,,,"41.99058225","-87.79848941721507","POINT (-87.79848941721507 41.99058225)","DFRKF1779_2026-01-13"
"DRZTP3103","day","2026-04-01T00:00:00.000","Austin 7",,,,,,,,,,,,,,,,,,,"13.37","8.26","8.93","5.2","49.0","29.0","7.08","7.08",,,"72.56","72.56",,,"4.81","4.81",,,,,"41.878556450000005","-87.77003805376656","POINT (-87.77003805376656 41.878556450000005)","DRZTP3103_2026-04-01"
"DQIUL8061","day","2026-07-25T00:00:00.000","South Shore 1",,,,,,,,,,,,,,,,,,,"21.22","15.19","17.35","10.92","66.0","54.0","22.84","22.84",,,"59.13","59.13",,,"24.14","24.14",,,,,"41.7641265","-87.5857492","POINT (-87.5857492 41.7641265)","DQIUL8061_2026-07-25"
"DDQNT6485","day","2026-01-17T00:00:00.000","Armour Square 1",,,,,,,,,,,,,,,,,,,"12.8","9.16","6.77","6.42","37.0","36.0","4.31","4.31",,,"56.13","56.13",,,"-5.4","-5.4",,,,,"41.85262982537949","-87.63531098320047","POINT (-87.63531098320047 41.85262982537949)","DDQNT6485_2026-01-17"
"DJHFB1439","day","2026-08-30T00:00:00.000","South Deering 6",,,,,,,,,,,,,,,,,,,"11.96","10.75","24.77","13.05","80.0","58.0","29.19","29.19",,,"68.44","68.44",,,"24.47","24.47",,,,,"41.66730025","-87.56938199592918","POINT (-87.56938199592918 41.66730025)","DJHFB1439_2026-08-30"
"DJCYU2364","day","2025-10-07T00:00:00.000","Douglas 2",,,,,,,,,,,,,,,,,,,"28.88","15.53","5.09","4.5","28.0","25.0","9.24","9.24",,,"75.95","75.95",,,"18.78","18.78",,,,,"41.82725075","-87.61890358618274","POINT (-87.61890358618274 41.82725075)","DJCYU2364_2025-10-07"
"DGZUS1041","day","2025-10-07T00:00:00.000","East Side 1",,,,,,,,,,,,,,,,,,,"9.41","9.1","6.54","4.16","36.0","23.0","8.56","8.56",,,"78.0","78.0",,,"18.97","18.97",,,,,"41.726048000000006","-87.53635402286871","POINT (-87.53635402286871 41.726048000000006)","DGZUS1041_2025-10-07"
"DAWAP1896","day","2025-10-12T00:00:00.000","Greater Grand Crossing 5",,,,,,,,,,,,,,,,,,,"13.8","14.75","5.87","5.34","32.0","29.0","8.3","8.3",,,"62.22","62.22",,,"16.9","16.9",,,,,"41.7516673","-87.61940269812234","POINT (-87.61940269812234 41.7516673)","DAWAP1896_2025-10-12"
"DZUWB2477","day","2026-04-02T00:00:00.000","North Lawndale 1",,,,,,,,,,,,,,,,,,,"16.18","13.21","34.59","13.84","98.0","60.0","25.63","25.63",,,"83.33","83.33",,,"9.78","9.78",,,,,"41.86579905000001","-87.73621350560661","POINT (-87.73621350560661 41.86579905000001)","DZUWB2477_2026-04-02"
"DYDVV6312","day","2026-06-17T00:00:00.000","Humboldt Park 2",,,,,,,,,,,,,,,,,,,"16.59","16.69","7.23","6.53","40.0","36.0","11.7","11.7",,,"66.44","66.44",,,"18.53","18.53",,,,,"41.903467449999994","-87.7191087122595","POINT (-87.7191087122595 41.903467449999994)","DYDVV6312_2026-06-17"
"DKHYU9123","day","2025-11-15T00:00:00.000","Clearing 3",,,,,,,,,,,,,,,,,,,"15.02","16.29","21.13","11.21","73.0","55.0","26.02","26.02",,,"68.48","68.48",,,"17.65","17.65",,,,,"41.7775443","-87.7539507010849","POINT (-87.7539507010849 41.7775443)","DKHYU9123_2025-11-15"
"DIXUN6634","day","2026-06-18T00:00:00.000","Ashburn 3",,,,,,,,,,,,,,,,,,,"5.63","10.14","5.82","5.8","32.0","32.0","10.6","10.6",,,"64.23","64.23",,,"21.78","21.78",,,,,"41.7521062","-87.70393644313098","POINT (-87.70393644313098 41.7521062)","DIXUN6634_2026-06-18"
"DUIZW8642","day","2026-01-13T00:00:00.000","Norwood Park 5",,,,,,,,,,,,,,,,,,,"22.95","19.81","12.95","7.21","58.0","40.0","11.02","11.02",,,"68.52","68.52",,,"5.26","5.26",,,,,"41.9764404","-87.81663050626611","POINT (-87.81663050626611 41.9764404)","DUIZW8642_2026-01-13"
"DEYGE9157","day","2025-10-10T00:00:00.000","South Deering 10",,,,,,,,,,,,,,,,,,,"15.16","14.25",,,,,,,,,"61.26","61.26",,,"14.09","14.09",,,,,"41.7014031","-87.5703907","POINT (-87.5703907 41.7014031)","DEYGE9157_2025-10-10"
"DACZY2913","day","2025-09-20T00:00:00.000","Rogers Park 2",,,,,,,,,,,,,,,,,,,"10.58","14.73","29.54","16.37","89.0","64.0","39.54","39.54",,,"68.84","68.84",,,"23.95","23.95",,,,,"42.0027981","-87.67195804163265","POINT (-87.67195804163265 42.0027981)","DACZY2913_2025-09-20"
"DLJWW1620","day","2026-04-04T00:00:00.000","Englewood 2",,,,,,,,,,,,,,,,,,,"14.96","14.56","21.53","9.57","74.0","52.0","20.28","20.28",,,"83.03","83.03",,,"8.62","8.62",,,,,"41.78957595","-87.63489407489742","POINT (-87.63489407489742 41.78957595)","DLJWW1620_2026-04-04"
"DTQTJ0507","day","2025-10-09T00:00:00.000","Douglas 1",,,,,,,,,,,,,,,,,,,"9.74","10.17","3.7","4.56","21.0","25.0","4.53","4.53",,,"56.53","56.53",,,"14.47","14.47",,,,,"41.8404121","-87.61910230081149","POINT (-87.61910230081149 41.8404121)","DTQTJ0507_2025-10-09"
"DKIJX6114","day","2026-08-02T00:00:00.000","Lincoln Square 1",,,,,,,,,,,,,,,,,,,"6.64","13.1","22.31","10.6","76.0","54.0","26.48","26.48",,,"75.81","75.81",,,"22.89","22.89",,,,,"41.975673400000005","-87.69009047047274","POINT (-87.69009047047274 41.975673400000005)","DKIJX6114_2026-08-02"
"DTFVD6048","day","2026-04-05T00:00:00.000","Riverdale 1",,,,,,,,,,,,,,,,,,,"6.03","7.59","3.07","4.91","17.0","27.0","4.06","4.06",,,"56.94","56.94",,,"7.77","7.77",,,,,"41.67589005","-87.60362888146102","POINT (-87.60362888146102 41.67589005)","DTFVD6048_2026-04-05"
"DTCRA7818","day","2025-10-08T00:00:00.000","West Lawn 1",,,,,,,,,,,,,,,,,,,"12.39","13.09","6.4","6.34","36.0","35.0","8.7","8.7",,,"62.39","62.39",,,"14.87","14.87",,,,,"41.7772479","-87.73660460279069","POINT (-87.73660460279069 41.7772479)","DTCRA7818_2025-10-08"
"DITUM6528","day","2025-12-13T00:00:00.000","Near West Side 1",,,,,,,,,,,,,,,,,,,"8.85","9.11","25.61","13.04","82.0","58.0","14.42","14.42",,,"61.73","61.73",,,"-7.16","-7.16",,,,,"41.878339049999994","-87.68552865180365","POINT (-87.68552865180365 41.878339049999994)","DITUM6528_2025-12-13"
"DAHWZ2321","day","2025-10-08T00:00:00.000","Albany Park 2",,,,,,,,,,,,,,,,,,,"12.54","13.77","5.74","6.19","32.0","34.0","8.52","8.52",,,"61.3","61.3",,,"15.56","15.56",,,,,"41.96237755","-87.70857185888067","POINT (-87.70857185888067 41.96237755)","DAHWZ2321_2025-10-08"
"DYHTK6723","day","2025-09-12T00:00:00.000","Chatham 1",,,,,,,,,,,,,,,,,,,"14.57","14.58","17.91","11.1","67.0","55.0","25.11","25.11",,,"65.43","65.43",,,"22.43","22.43",,,,,"41.739161550000006","-87.62026829999999","POINT (-87.62026829999999 41.739161550000006)","DYHTK6723_2025-09-12"
"DTYDP5264","day","2026-07-25T00:00:00.000","Norwood Park 1",,,,,,,,,,,,,,,,,,,"13.4","16.42","16.82","11.2","65.0","55.0","23.85","23.85",,,"59.59","59.59",,,"23.91","23.91",,,,,"41.9884148","-87.81462388174296","POINT (-87.81462388174296 41.9884148)","DTYDP5264_2026-07-25"
"DPMWW4120","day","2026-08-27T00:00:00.000","Garfield Ridge 3",,,,,,,,,,,,,,,,,,,"23.66","20.05","15.38","9.95","63.0","52.0","19.62","19.62",,,"58.0","58.0",,,"25.92","25.92",,,,,"41.7872597","-87.78189702338281","POINT (-87.78189702338281 41.7872597)","DPMWW4120_2026-08-27"
"DHQVH8975","day","2025-10-07T00:00:00.000","Near West Side 6",,,,,,,,,,,,,,,,,,,"21.5","17.57","8.05","4.88","44.0","27.0","10.07","10.07",,,"76.56","76.56",,,"18.69","18.69",,,,,"41.865828699999994","-87.6686530821062","POINT (-87.6686530821062 41.865828699999994)","DHQVH8975_2025-10-07"
"DNBKU3560","day","2026-09-17T00:00:00.000","West Englewood 1",,,,,,,,,,,,,,,,,,,"20.79","16.26","15.26","7.74","62.0","43.0","19.33","19.33",,,"81.47","81.47",,,"23.23","23.23",,,,,"41.78978595","-87.6695977816758","POINT (-87.6695977816758 41.78978595)","DNBKU3560_2026-09-17"
"DRDZF3698","day","2025-12-08T00:00:00.000","Austin 1",,,,,,,,,,,,,,,,,,,"32.11","29.35","10.22","6.74","53.0","37.0","7.16","7.16",,,"67.18","67.18",,,"-4.57","-4.57",,,,,"41.9157582","-87.76919201601461","POINT (-87.76919201601461 41.9157582)","DRDZF3698_2025-12-08"
